message_id,timestamp,sender,category,confidence,uncertain,reason,message_masked,is_mandatory
MSG_0001,2026-09-01 08:00:00,Meera,meeting_or_event,0.93,False,Matched calendar entry + named event 'family dinner' + date+time+location structure (sender: Meera).,"For today: Calendar update: family dinner, 2026-09-19 at 10:00, the library.",True
MSG_0002,2026-09-01 08:37:00,Ishaan,action_required,0.89,False,Matched request verb 'review' + task noun 'privacy checklist' + request 'can you' + date bound 'before 2026-09-09' (sender: Ishaan).,Can you review the privacy checklist before 2026-09-09?,True
MSG_0003,2026-09-01 09:14:00,Kabir,meeting_or_event,0.94,False,Matched reminder of an event + scheduled date phrase + named event 'mentor catch-up' + date+time+location structure (sender: Kabir).,FYI: Reminder: mentor catch-up happens on 2026-09-16 at 11:00 in the city clinic.,True
MSG_0004,2026-09-01 09:51:00,Aarav,general_information,0.8,False,Matched portal statement + supply statement (sender: Aarav).,One more thing: The training material is on the portal.,True
MSG_0005,2026-09-01 10:28:00,Aarav,sensitive_information,0.95,False,Matched sensitive value present (sender: Aarav).,"Hi, My home address is ******.",True
MSG_0006,2026-09-01 11:05:00,Meera,general_information,0.73,False,Matched status statement (sender: Meera).,Important: The laptop battery is fully charged.,True
MSG_0007,2026-09-01 11:42:00,Ananya,action_required,0.88,False,Matched request verb 'reply' + task noun 'client email' + polite request 'please' + date bound 'by 2026-09-04' (sender: Ananya).,For today: Please reply to the client email by 2026-09-04.,True
MSG_0008,2026-09-01 12:19:00,Neha,general_information,0.74,False,Matched relocation notice (sender: Neha).,Can you help? The building entrance has moved temporarily.,False
MSG_0009,2026-09-01 12:56:00,Meera,personal_information,0.9,False,Matched profile statement + emergency-contact statement (sender: Meera).,"For my profile, my emergency contact is my brother.",True
MSG_0010,2026-09-01 13:33:00,Tara,action_required,0.9,False,Matched request verb 'pay' + task noun 'electricity bill' + imperative 'don't forget' + explicit 'deadline' (sender: Tara).,Can you help? Don't forget to pay the electricity bill; deadline is 2026-09-09.,False
MSG_0011,2026-09-01 14:10:00,Ishaan,meeting_or_event,0.89,False,Matched invitation to join + named event 'internship orientation' + date+time+location structure (sender: Ishaan).,"Just checking-Please join the internship orientation on 2026-09-18, 13:00 at Conference Room 2.",False
MSG_0012,2026-09-01 14:47:00,Neha,general_information,0.52,True,No specific classification signal matched; the message reads as an informational statement.,FYI: I will send the login details separately.,True
MSG_0013,2026-09-01 15:24:00,Meera,sensitive_information,0.95,False,Matched sensitive value present (sender: Meera).,One more thing: My card number is **********************.,True
MSG_0014,2026-09-01 16:01:00,Promotions,promotional,0.93,False,Matched sender is the promotions account + promo code 'SAVE..' + sale or offer wording + festival wording (sender: Promotions).,Can you help? Special festival discount on clothing. Use code SAVE17.,True
MSG_0015,2026-09-01 16:38:00,Promotions,promotional,0.92,False,Matched sender is the promotions account + promo code 'SAVE..' + sale or offer wording (sender: Promotions).,Please note: Flash sale on laptops starts at 6 PM. Use code SAVE23.,True
MSG_0016,2026-09-01 17:15:00,Rohan,personal_information,0.8,False,Matched food preference (sender: Rohan).,Just checking-Remember that i drink coffee without sugar.,True
MSG_0017,2026-09-01 17:52:00,Vikram,action_required,0.9,False,Matched request verb 'renew' + task noun 'library book' + request 'need you to' + date bound 'by 2026-09-08' (sender: Vikram).,Can you help? I need you to renew the library book by 2026-09-08.,False
MSG_0018,2026-09-01 18:29:00,Rohan,sensitive_information,0.95,False,Matched sensitive value present (sender: Rohan).,One more thing: My recent test result says ******.,False
MSG_0019,2026-09-01 19:06:00,Neha,action_required,0.9,False,Matched request verb 'review' + task noun 'model results' + request 'need you to' + date bound 'by 2026-09-03' (sender: Neha).,Can you help? I need you to review the model results by 2026-09-03.,False
MSG_0020,2026-09-01 19:43:00,Promotions,promotional,0.93,False,Matched sender is the promotions account + promo code 'SAVE..' + plan upsell wording (sender: Promotions).,"Hi, Join our premium plan for exclusive benefits. Use code SAVE19.",False
MSG_0021,2026-09-01 20:20:00,Meera,general_information,0.76,False,Matched availability statement (sender: Meera).,One more thing: The webinar recording is now available.,False
MSG_0022,2026-09-01 20:57:00,Maya,personal_information,0.9,False,Matched personal note + favourite preference (sender: Maya).,Can you help? Personal note: my favourite language is Python.,False
MSG_0023,2026-09-01 21:34:00,Rohan,meeting_or_event,0.93,False,Matched calendar entry + named event 'team stand-up' + date+time+location structure (sender: Rohan).,"Hi, Calendar update: team stand-up, 2026-09-04 at 15:00, the college auditorium.",False
MSG_0024,2026-09-01 22:11:00,Ananya,personal_information,0.77,False,Matched meeting-time preference (sender: Ananya).,Just checking-I might prefer evening meetings now.,True
MSG_0025,2026-09-01 22:48:00,Maya,general_information,0.76,False,Matched maintenance notice (sender: Maya).,FYI: The office Wi-Fi will be under maintenance tonight.,False
MSG_0026,2026-09-01 23:25:00,Kabir,general_information,0.76,False,Matched service-interval statement (sender: Kabir).,Quick update: The shuttle leaves every thirty minutes.,False
MSG_0027,2026-09-02 00:02:00,Aarav,action_required,0.88,False,Matched request verb 'confirm' + task noun 'interview slot' + polite request 'please' + date bound 'by 2026-09-05' (sender: Aarav).,Please note: Please confirm the interview slot by 2026-09-05.,False
MSG_0028,2026-09-02 00:39:00,Kabir,action_required,0.9,False,Matched request verb 'email' + task noun 'signed document' + imperative 'don't forget' + explicit 'deadline' (sender: Kabir).,For today: Don't forget to email the signed document; deadline is 2026-09-04.,False
MSG_0029,2026-09-02 01:16:00,Ishaan,personal_information,0.72,False,Matched communication preference (sender: Ishaan).,"Can you help? Just so you know, i prefer receiving updates by email.",False
MSG_0030,2026-09-02 01:53:00,Vikram,general_information,0.74,False,Matched reorganisation notice (sender: Vikram).,FYI: The project folder was reorganized.,False
MSG_0031,2026-09-02 02:30:00,Maya,action_required,0.86,False,Matched task noun 'project tracker' + request 'can you' + date bound 'before 2026-09-04' (sender: Maya).,Can you update the project tracker before 2026-09-04?,False
MSG_0032,2026-09-02 03:07:00,Kabir,action_required,0.9,False,Matched request verb 'upload' + task noun 'assignment' + imperative 'don't forget' + explicit 'deadline' (sender: Kabir).,Important: Don't forget to upload the assignment; deadline is 2026-09-09.,False
MSG_0033,2026-09-02 03:44:00,Neha,general_information,0.76,False,Matched operating-hours statement (sender: Neha).,Just checking-The event registration desk opens at 9 AM.,False
MSG_0034,2026-09-02 04:21:00,Ishaan,meeting_or_event,0.89,False,Matched invitation to join + named event 'internship orientation' + date+time+location structure (sender: Ishaan).,"Please note: Please join the internship orientation on 2026-09-18, 9:00 at Conference Room 2.",False
MSG_0035,2026-09-02 04:58:00,Rohan,action_required,0.86,False,Matched request verb 'Complete' + task noun 'onboarding form' + due-date phrase 'due on' (sender: Rohan).,For today: Complete the onboarding form is due on 2026-09-10.,False
MSG_0036,2026-09-02 05:35:00,Maya,meeting_or_event,0.89,False,Matched invitation to join + named event 'study-group session' + date+time+location structure (sender: Maya).,"Please join the study-group session on 2026-09-13, 12:00 at Google Meet.",False
MSG_0037,2026-09-02 06:12:00,Meera,meeting_or_event,0.53,True,Matched tentative review slot (sender: Meera). Low-confidence match.,One more thing: The review could be Friday afternoon.,True
MSG_0038,2026-09-02 06:49:00,Maya,action_required,0.86,False,Matched task noun 'project tracker' + request 'can you' + date bound 'before 2026-09-08' (sender: Maya).,Quick update: Can you update the project tracker before 2026-09-08?,False
MSG_0039,2026-09-02 07:26:00,Tara,general_information,0.52,True,No specific classification signal matched; the message reads as an informational statement.,For today: Maya asked whether the demo was ready.,False
MSG_0040,2026-09-02 08:03:00,Tara,personal_information,0.9,False,Matched profile statement + diet preference (sender: Tara).,"For today: For my profile, i am vegetarian.",False
MSG_0041,2026-09-02 08:40:00,Vikram,action_required,0.71,True,Matched request verb 'review' + conditional 'if possible' (sender: Vikram). Low-confidence match.,"For today: If possible, review the file before the meeting.",False
MSG_0042,2026-09-02 09:17:00,Aarav,meeting_or_event,0.92,False,Matched explicit schedule + named event 'client discussion' + date+time+location structure (sender: Aarav).,For today: The client discussion is scheduled for 2026-09-12 at 11:00 in Meeting Room A.,False
MSG_0043,2026-09-02 09:54:00,Rohan,meeting_or_event,0.93,False,Matched calendar entry + named event 'family dinner' + date+time+location structure (sender: Rohan).,"Quick update: Calendar update: family dinner, 2026-09-04 at 11:00, the college auditorium.",False
MSG_0044,2026-09-02 10:31:00,Ananya,action_required,0.87,False,Matched request verb 'complete' + polite request 'please' + date bound 'by 2026-09-09' (sender: Ananya).,Just checking-Please complete the Python exercise by 2026-09-09.,False
MSG_0045,2026-09-02 11:08:00,Rohan,action_required,0.86,False,Matched request verb 'Complete' + task noun 'onboarding form' + due-date phrase 'due on' (sender: Rohan).,Important: Complete the onboarding form is due on 2026-09-07.,False
MSG_0046,2026-09-02 11:45:00,Tara,action_required,0.89,False,Matched request verb 'call' + imperative 'don't forget' + explicit 'deadline' (sender: Tara).,For today: Don't forget to call the service centre; deadline is 2026-09-09.,False
MSG_0047,2026-09-02 12:22:00,Kabir,sensitive_information,0.95,False,Matched sensitive value present (sender: Kabir).,Just checking-My account recovery code is ******.,False
MSG_0048,2026-09-02 12:59:00,Ananya,personal_information,0.9,False,Matched profile statement + living-near statement (sender: Ananya).,"One more thing: For my profile, i live near the central library.",False
MSG_0049,2026-09-02 13:36:00,Ananya,meeting_or_event,0.92,False,Matched explicit schedule + named event 'product demo' + date+time+location structure (sender: Ananya).,One more thing: The product demo is scheduled for 2026-09-07 at 10:00 in Zoom.,False
MSG_0050,2026-09-02 14:13:00,Project Lead,general_information,0.76,False,Matched availability statement (sender: Project Lead).,Important: The webinar recording is now available.,False
MSG_0051,2026-09-02 14:50:00,Kabir,meeting_or_event,0.94,False,Matched reminder of an event + scheduled date phrase + named event 'doctor appointment' + date+time+location structure (sender: Kabir).,Important: Reminder: doctor appointment happens on 2026-09-16 at 15:00 in the city clinic.,False
MSG_0052,2026-09-02 15:27:00,Tara,general_information,0.76,False,Matched operating-hours statement (sender: Tara).,Quick update: The cafeteria closes at 8 PM.,False
MSG_0053,2026-09-02 16:04:00,Tara,sensitive_information,0.95,False,Matched sensitive value present (sender: Tara).,One more thing: My identification number is ******.,False
MSG_0054,2026-09-02 16:41:00,Meera,meeting_or_event,0.53,True,Matched tentative review slot (sender: Meera). Low-confidence match.,Just checking-The review could be Friday afternoon.,False
MSG_0055,2026-09-02 17:18:00,Ananya,meeting_or_event,0.92,False,Matched explicit schedule + named event 'client discussion' + date+time+location structure (sender: Ananya).,The client discussion is scheduled for 2026-09-07 at 14:00 in Zoom.,False
MSG_0056,2026-09-02 17:55:00,Kabir,action_required,0.75,True,Matched request verb 'call' + polite request 'please' (sender: Kabir). Low-confidence match.,Please note: Please call Maya when you are free.,False
MSG_0057,2026-09-02 18:32:00,Neha,general_information,0.52,True,No specific classification signal matched; the message reads as an informational statement.,Please note: I will send the login details separately.,False
MSG_0058,2026-09-02 19:09:00,Ishaan,action_required,0.89,False,Matched request verb 'review' + task noun 'privacy checklist' + request 'can you' + date bound 'before 2026-09-04' (sender: Ishaan).,Quick update: Can you review the privacy checklist before 2026-09-04?,False
MSG_0059,2026-09-02 19:46:00,Aarav,general_information,0.82,False,Matched availability statement + version statement (sender: Aarav).,Important: The new Python version is available.,False
MSG_0060,2026-09-02 20:23:00,Rohan,action_required,0.86,False,Matched request verb 'Complete' + task noun 'onboarding form' + due-date phrase 'due on' (sender: Rohan).,Quick update: Complete the onboarding form is due on 2026-09-08.,False
MSG_0061,2026-09-02 21:00:00,Promotions,promotional,0.92,False,Matched sender is the promotions account + promo code 'SAVE..' + percentage discount (sender: Promotions).,Quick update: Get 25% off selected headphones this weekend. Use code SAVE30.,False
MSG_0062,2026-09-02 21:37:00,Ishaan,meeting_or_event,0.89,False,Matched invitation to join + named event 'AI workshop' + date+time+location structure (sender: Ishaan).,"Please join the AI workshop on 2026-09-08, 15:00 at Conference Room 2.",False
MSG_0063,2026-09-02 22:14:00,Vikram,action_required,0.9,False,Matched request verb 'renew' + task noun 'library book' + request 'need you to' + date bound 'by 2026-09-07' (sender: Vikram).,For today: I need you to renew the library book by 2026-09-07.,False
MSG_0064,2026-09-02 22:51:00,Aarav,general_information,0.76,False,Matched operating-hours statement (sender: Aarav).,Can you help? The event registration desk opens at 9 AM.,False
MSG_0065,2026-09-02 23:28:00,Kabir,action_required,0.9,False,Matched request verb 'email' + task noun 'signed document' + imperative 'don't forget' + explicit 'deadline' (sender: Kabir).,One more thing: Don't forget to email the signed document; deadline is 2026-09-07.,False
MSG_0066,2026-09-03 00:05:00,Aarav,meeting_or_event,0.9,False,Matched explicit schedule + named event 'project review' + date+time+location structure (sender: Aarav).,Can you help? The project review is scheduled for 2026-09-02 at 9:00 in Meeting Room A.,False
MSG_0067,2026-09-03 00:42:00,Maya,meeting_or_event,0.89,False,Matched invitation to join + named event 'AI workshop' + date+time+location structure (sender: Maya).,"FYI: Please join the AI workshop on 2026-09-13, 16:00 at Google Meet.",False
MSG_0068,2026-09-03 01:19:00,Ananya,general_information,0.71,False,Matched update statement (sender: Ananya).,One more thing: The report template has been updated.,False
MSG_0069,2026-09-03 01:56:00,Rohan,personal_information,0.8,False,Matched food preference (sender: Rohan).,One more thing: Remember that i drink coffee without sugar.,False
MSG_0070,2026-09-03 02:33:00,Maya,general_information,0.76,False,Matched service-interval statement (sender: Maya).,Please note: The shuttle leaves every thirty minutes.,False
MSG_0071,2026-09-03 03:10:00,Promotions,promotional,0.93,False,Matched sender is the promotions account + promo code 'SAVE..' + plan upsell wording (sender: Promotions).,Quick update: Upgrade your subscription and save 30%. Use code SAVE34.,False
MSG_0072,2026-09-03 03:47:00,Vikram,action_required,0.9,False,Matched request verb 'renew' + task noun 'library book' + request 'need you to' + date bound 'by 2026-09-05' (sender: Vikram).,Quick update: I need you to renew the library book by 2026-09-05.,False
MSG_0073,2026-09-03 04:24:00,Promotions,promotional,0.93,False,Matched sender is the promotions account + promo code 'SAVE..' + plan upsell wording (sender: Promotions).,Upgrade your subscription and save 30%. Use code SAVE14.,False
MSG_0074,2026-09-03 05:01:00,Vikram,sensitive_information,0.95,False,Matched sensitive value present (sender: Vikram).,Just checking-The temporary access token is ******.,False
MSG_0075,2026-09-03 05:38:00,Vikram,general_information,0.76,False,Matched holiday notice (sender: Vikram).,Just checking-Tomorrow is a public holiday.,False
MSG_0076,2026-09-03 06:15:00,Promotions,promotional,0.93,False,Matched sender is the promotions account + promo code 'SAVE..' + plan upsell wording (sender: Promotions).,For today: Join our premium plan for exclusive benefits. Use code SAVE49.,False
MSG_0077,2026-09-03 06:52:00,Ananya,meeting_or_event,0.92,False,Matched explicit schedule + named event 'product demo' + date+time+location structure (sender: Ananya).,FYI: The product demo is scheduled for 2026-09-17 at 12:00 in Zoom.,False
MSG_0078,2026-09-03 07:29:00,Rohan,sensitive_information,0.95,False,Matched sensitive value present (sender: Rohan).,Can you help? My recent test result says ******.,False
MSG_0079,2026-09-03 08:06:00,Kabir,general_information,0.76,False,Matched hours-change statement (sender: Kabir).,FYI: The library has extended weekend hours.,False
MSG_0080,2026-09-03 08:43:00,Promotions,promotional,0.92,False,Matched sender is the promotions account + promo code 'SAVE..' + sale or offer wording (sender: Promotions).,One more thing: Flash sale on laptops starts at 6 PM. Use code SAVE23.,False
MSG_0081,2026-09-03 09:20:00,Promotions,promotional,0.93,False,Matched sender is the promotions account + promo code 'SAVE..' + plan upsell wording (sender: Promotions).,Just checking-Join our premium plan for exclusive benefits. Use code SAVE29.,False
MSG_0082,2026-09-03 09:57:00,Promotions,promotional,0.92,False,Matched sender is the promotions account + promo code 'SAVE..' + percentage discount (sender: Promotions).,Get 25% off selected headphones this weekend. Use code SAVE10.,False
MSG_0083,2026-09-03 10:34:00,Vikram,action_required,0.9,False,Matched request verb 'renew' + task noun 'library book' + request 'need you to' + date bound 'by 2026-09-04' (sender: Vikram).,Important: I need you to renew the library book by 2026-09-04.,False
MSG_0084,2026-09-03 11:11:00,Ananya,personal_information,0.77,False,Matched meeting-time preference (sender: Ananya).,"Hi, I might prefer evening meetings now.",False
MSG_0085,2026-09-03 11:48:00,Promotions,promotional,0.93,False,Matched sender is the promotions account + promo code 'SAVE..' + plan upsell wording (sender: Promotions).,Quick update: Join our premium plan for exclusive benefits. Use code SAVE39.,False
MSG_0086,2026-09-03 12:25:00,Ishaan,sensitive_information,0.94,False,Matched sensitive value present (sender: Ishaan).,Use password ****** to sign in to the test account.,False
MSG_0087,2026-09-03 13:02:00,Ishaan,personal_information,0.72,False,Matched communication preference (sender: Ishaan).,FYI: Remember that i prefer receiving updates by email.,False
MSG_0088,2026-09-03 13:39:00,Ishaan,action_required,0.89,False,Matched request verb 'finish' + task noun 'test cases' + request 'can you' + date bound 'before 2026-09-08' (sender: Ishaan).,One more thing: Can you finish the test cases before 2026-09-08?,False
MSG_0089,2026-09-03 14:16:00,Tara,action_required,0.89,False,Matched request verb 'call' + imperative 'don't forget' + explicit 'deadline' (sender: Tara).,Just checking-Don't forget to call the service centre; deadline is 2026-09-04.,False
MSG_0090,2026-09-03 14:53:00,Ananya,general_information,0.76,False,Matched weather statement (sender: Ananya).,FYI: The weather forecast says light rain.,False
MSG_0091,2026-09-03 15:30:00,Aarav,general_information,0.76,False,Matched operating-hours statement (sender: Aarav).,For today: The cafeteria closes at 8 PM.,False
MSG_0092,2026-09-03 16:07:00,Promotions,promotional,0.94,False,Matched sender is the promotions account + promo code 'SAVE..' + sale or offer wording + buy-one-get-one (sender: Promotions).,Quick update: Limited-time offer: buy one course and get one free. Use code SAVE31.,False
MSG_0093,2026-09-03 16:44:00,Meera,personal_information,0.9,False,Matched personal note + emergency-contact statement (sender: Meera).,FYI: Personal note: my emergency contact is my brother.,False
MSG_0094,2026-09-03 17:21:00,Tara,personal_information,0.9,False,Matched personal note + diet preference (sender: Tara).,"Hi, Personal note: i am vegetarian.",False
MSG_0095,2026-09-03 17:58:00,Ishaan,sensitive_information,0.94,False,Matched sensitive value present (sender: Ishaan).,Please note: Use password ****** to sign in to the test account.,False
MSG_0096,2026-09-03 18:35:00,Ishaan,general_information,0.76,False,Matched operating-hours statement (sender: Ishaan).,Quick update: The event registration desk opens at 9 AM.,False
MSG_0097,2026-09-03 19:12:00,Rohan,meeting_or_event,0.93,False,Matched calendar entry + named event 'placement briefing' + date+time+location structure (sender: Rohan).,"Just checking-Calendar update: placement briefing, 2026-09-04 at 11:00, the college auditorium.",False
MSG_0098,2026-09-03 19:49:00,Meera,meeting_or_event,0.53,True,Matched tentative review slot (sender: Meera). Low-confidence match.,Quick update: The review could be Friday afternoon.,False
MSG_0099,2026-09-03 20:26:00,Maya,personal_information,0.9,False,Matched profile statement + favourite preference (sender: Maya).,"FYI: For my profile, my favourite language is Python.",False
MSG_0100,2026-09-03 21:03:00,Kabir,meeting_or_event,0.94,False,Matched reminder of an event + scheduled date phrase + named event 'sprint planning' + date+time+location structure (sender: Kabir).,"Hi, Reminder: sprint planning happens on 2026-09-16 at 11:00 in the city clinic.",False
MSG_0101,2026-09-03 21:40:00,Kabir,action_required,0.9,False,Matched request verb 'email' + task noun 'signed document' + imperative 'don't forget' + explicit 'deadline' (sender: Kabir).,Don't forget to email the signed document; deadline is 2026-09-07.,False
MSG_0102,2026-09-03 22:17:00,Maya,action_required,0.89,False,Matched request verb 'send' + task noun 'revised presentation' + request 'can you' + date bound 'before 2026-09-08' (sender: Maya).,FYI: Can you send the revised presentation before 2026-09-08?,False
MSG_0103,2026-09-03 22:54:00,Neha,meeting_or_event,0.91,False,Matched availability request for a slot + named event 'technical interview' + date+time+location structure (sender: Neha).,Important: Are you available for the technical interview at 16:00 on 2026-09-05? Location: the main office.,False
MSG_0104,2026-09-03 23:31:00,Promotions,promotional,0.92,False,Matched sender is the promotions account + promo code 'SAVE..' + sale or offer wording (sender: Promotions).,Flash sale on laptops starts at 6 PM. Use code SAVE13.,False
MSG_0105,2026-09-04 00:08:00,Promotions,promotional,0.94,False,Matched sender is the promotions account + promo code 'SAVE..' + sale or offer wording + buy-one-get-one (sender: Promotions).,Limited-time offer: buy one course and get one free. Use code SAVE11.,False
MSG_0106,2026-09-04 00:45:00,Rohan,sensitive_information,0.95,False,Matched sensitive value present (sender: Rohan).,Quick update: My recent test result says ******.,False
MSG_0107,2026-09-04 01:22:00,Tara,general_information,0.76,False,Matched operating-hours statement (sender: Tara).,Important: The cafeteria closes at 8 PM.,False
MSG_0108,2026-09-04 01:59:00,Rohan,personal_information,0.8,False,Matched food preference (sender: Rohan).,"Quick update: Just so you know, i drink coffee without sugar.",False
MSG_0109,2026-09-04 02:36:00,Meera,personal_information,0.9,False,Matched profile statement + emergency-contact statement (sender: Meera).,"Can you help? For my profile, my emergency contact is my brother.",False
MSG_0110,2026-09-04 03:13:00,Vikram,action_required,0.71,True,Matched request verb 'review' + conditional 'if possible' (sender: Vikram). Low-confidence match.,"FYI: If possible, review the file before the meeting.",False
MSG_0111,2026-09-04 03:50:00,Neha,action_required,0.9,False,Matched request verb 'review' + task noun 'model results' + request 'need you to' + date bound 'by 2026-09-10' (sender: Neha).,FYI: I need you to review the model results by 2026-09-10.,False
MSG_0112,2026-09-04 04:27:00,Maya,action_required,0.89,False,Matched request verb 'send' + task noun 'revised presentation' + request 'can you' + date bound 'before 2026-09-04' (sender: Maya).,Just checking-Can you send the revised presentation before 2026-09-04?,False
MSG_0113,2026-09-04 05:04:00,Rohan,action_required,0.86,False,Matched request verb 'Prepare' + task noun 'demo video' + due-date phrase 'due on' (sender: Rohan).,Quick update: Prepare the demo video is due on 2026-09-09.,False
MSG_0114,2026-09-04 05:41:00,Ananya,action_required,0.87,False,Matched request verb 'complete' + polite request 'please' + date bound 'by 2026-09-08' (sender: Ananya).,Please complete the Python exercise by 2026-09-08.,False
MSG_0115,2026-09-04 06:18:00,Tara,action_required,0.89,False,Matched request verb 'call' + imperative 'don't forget' + explicit 'deadline' (sender: Tara).,Quick update: Don't forget to call the service centre; deadline is 2026-09-07.,False
MSG_0116,2026-09-04 06:55:00,HR Team,general_information,0.76,False,Matched holiday notice (sender: HR Team).,Quick update: Tomorrow is a public holiday.,False
MSG_0117,2026-09-04 07:32:00,Vikram,sensitive_information,0.95,False,Matched sensitive value present (sender: Vikram).,Please note: The temporary access token is ******.,False
MSG_0118,2026-09-04 08:09:00,Tara,sensitive_information,0.95,False,Matched sensitive value present (sender: Tara).,For today: My identification number is ******.,False
MSG_0119,2026-09-04 08:46:00,Meera,action_required,0.86,False,Matched request verb 'Send' + task noun 'expense receipt' + due-date phrase 'due on' (sender: Meera).,Can you help? Send the expense receipt is due on 2026-09-08.,False
MSG_0120,2026-09-04 09:23:00,Kabir,sensitive_information,0.95,False,Matched sensitive value present (sender: Kabir).,Please note: My account recovery code is ******.,False
MSG_0121,2026-09-04 10:00:00,Kabir,action_required,0.75,True,Matched request verb 'call' + polite request 'please' (sender: Kabir). Low-confidence match.,"Hi, Please call Maya when you are free.",False
MSG_0122,2026-09-04 10:37:00,Tara,meeting_or_event,0.94,False,Matched reminder of an event + scheduled date phrase + named event 'mentor catch-up' + date+time+location structure (sender: Tara).,"Hi, Reminder: mentor catch-up happens on 2026-09-11 at 14:00 in the cafeteria.",False
MSG_0123,2026-09-04 11:14:00,Meera,meeting_or_event,0.93,False,Matched calendar entry + named event 'placement briefing' + date+time+location structure (sender: Meera).,"Quick update: Calendar update: placement briefing, 2026-09-19 at 14:00, the library.",False
MSG_0124,2026-09-04 11:51:00,Kabir,meeting_or_event,0.94,False,Matched reminder of an event + scheduled date phrase + named event 'mentor catch-up' + date+time+location structure (sender: Kabir).,Please note: Reminder: mentor catch-up happens on 2026-09-06 at 9:00 in the city clinic.,False
MSG_0125,2026-09-04 12:28:00,Aarav,general_information,0.74,False,Matched relocation notice (sender: Aarav).,For today: The building entrance has moved temporarily.,False
MSG_0126,2026-09-04 13:05:00,Maya,sensitive_information,0.95,False,Matched sensitive value present (sender: Maya).,Can you help? You can contact me on **************.,False
MSG_0127,2026-09-04 13:42:00,Tara,meeting_or_event,0.94,False,Matched reminder of an event + scheduled date phrase + named event 'doctor appointment' + date+time+location structure (sender: Tara).,FYI: Reminder: doctor appointment happens on 2026-09-11 at 14:00 in the cafeteria.,False
MSG_0128,2026-09-04 14:19:00,Vikram,general_information,0.76,False,Matched holiday notice (sender: Vikram).,One more thing: Tomorrow is a public holiday.,False
MSG_0129,2026-09-04 14:56:00,Rohan,meeting_or_event,0.93,False,Matched calendar entry + named event 'team stand-up' + date+time+location structure (sender: Rohan).,"Important: Calendar update: team stand-up, 2026-09-14 at 13:00, the college auditorium.",False
MSG_0130,2026-09-04 15:33:00,Aarav,sensitive_information,0.95,False,Matched sensitive value present (sender: Aarav).,Can you help? My home address is ******.,False
MSG_0131,2026-09-04 16:10:00,Ananya,meeting_or_event,0.9,False,Matched explicit schedule + named event 'project review' + date+time+location structure (sender: Ananya).,One more thing: The project review is scheduled for 2026-09-17 at 16:00 in Zoom.,False
MSG_0132,2026-09-04 16:47:00,Tara,general_information,0.52,True,No specific classification signal matched; the message reads as an informational statement.,Just checking-Maya asked whether the demo was ready.,False
MSG_0133,2026-09-04 17:24:00,Maya,meeting_or_event,0.75,True,Matched tentative meeting proposal (sender: Maya). Low-confidence match.,Important: Let us meet sometime next week.,False
MSG_0134,2026-09-04 18:01:00,Kabir,personal_information,0.8,False,Matched clothing size (sender: Kabir).,"Hi, Remember that my T-shirt size is medium.",False
MSG_0135,2026-09-04 18:38:00,Tara,meeting_or_event,0.94,False,Matched reminder of an event + scheduled date phrase + named event 'mentor catch-up' + date+time+location structure (sender: Tara).,Quick update: Reminder: mentor catch-up happens on 2026-09-21 at 16:00 in the cafeteria.,False
MSG_0136,2026-09-04 19:15:00,Rohan,action_required,0.86,False,Matched request verb 'Prepare' + task noun 'demo video' + due-date phrase 'due on' (sender: Rohan).,Prepare the demo video is due on 2026-09-05.,False
MSG_0137,2026-09-04 19:52:00,Kabir,sensitive_information,0.95,False,Matched sensitive value present (sender: Kabir).,My account recovery code is ******.,False
MSG_0138,2026-09-04 20:29:00,Ananya,meeting_or_event,0.92,False,Matched explicit schedule + named event 'product demo' + date+time+location structure (sender: Ananya).,For today: The product demo is scheduled for 2026-09-17 at 16:00 in Zoom.,False
MSG_0139,2026-09-04 21:06:00,Maya,action_required,0.86,False,Matched task noun 'project tracker' + request 'can you' + date bound 'before 2026-09-07' (sender: Maya).,Important: Can you update the project tracker before 2026-09-07?,False
MSG_0140,2026-09-04 21:43:00,Ishaan,sensitive_information,0.94,False,Matched sensitive value present (sender: Ishaan).,Can you help? Use password ****** to sign in to the test account.,False
MSG_0141,2026-09-04 22:20:00,Tara,general_information,0.76,False,Matched operating-hours statement (sender: Tara).,For today: The event registration desk opens at 9 AM.,False
MSG_0142,2026-09-04 22:57:00,Promotions,promotional,0.92,False,Matched sender is the promotions account + promo code 'SAVE..' + sale or offer wording (sender: Promotions).,Important: Flash sale on laptops starts at 6 PM. Use code SAVE33.,False
MSG_0143,2026-09-04 23:34:00,Vikram,personal_information,0.8,False,Matched appearance preference (sender: Vikram).,"For today: Just so you know, i use dark mode.",False
MSG_0144,2026-09-05 00:11:00,Tara,action_required,0.89,False,Matched request verb 'call' + imperative 'don't forget' + explicit 'deadline' (sender: Tara).,Please note: Don't forget to call the service centre; deadline is 2026-09-05.,False
MSG_0145,2026-09-05 00:48:00,Ananya,action_required,0.87,False,Matched request verb 'complete' + polite request 'please' + date bound 'by 2026-09-04' (sender: Ananya).,FYI: Please complete the Python exercise by 2026-09-04.,False
MSG_0146,2026-09-05 01:25:00,Rohan,personal_information,0.8,False,Matched food preference (sender: Rohan).,For today: Remember that i drink coffee without sugar.,False
MSG_0147,2026-09-05 02:02:00,Rohan,action_required,0.86,False,Matched request verb 'Prepare' + task noun 'demo video' + due-date phrase 'due on' (sender: Rohan).,FYI: Prepare the demo video is due on 2026-09-10.,False
MSG_0148,2026-09-05 02:39:00,Neha,general_information,0.52,True,No specific classification signal matched; the message reads as an informational statement.,Can you help? I will send the login details separately.,False
MSG_0149,2026-09-05 03:16:00,Aarav,general_information,0.76,False,Matched operating-hours statement (sender: Aarav).,"Hi, The event registration desk opens at 9 AM.",False
MSG_0150,2026-09-05 03:53:00,Tara,action_required,0.89,False,Matched request verb 'call' + imperative 'don't forget' + explicit 'deadline' (sender: Tara).,One more thing: Don't forget to call the service centre; deadline is 2026-09-03.,False
MSG_0151,2026-09-05 04:30:00,Ananya,meeting_or_event,0.9,False,Matched explicit schedule + named event 'project review' + date+time+location structure (sender: Ananya).,FYI: The project review is scheduled for 2026-09-07 at 10:00 in Zoom.,False
MSG_0152,2026-09-05 05:07:00,Rohan,general_information,0.68,False,Matched possibility statement (sender: Rohan).,"Hi, The report may be needed tomorrow.",False
MSG_0153,2026-09-05 05:44:00,Ishaan,action_required,0.89,False,Matched request verb 'finish' + task noun 'test cases' + request 'can you' + date bound 'before 2026-09-07' (sender: Ishaan).,"Hi, Can you finish the test cases before 2026-09-07?",False
MSG_0154,2026-09-05 06:21:00,Rohan,meeting_or_event,0.93,False,Matched calendar entry + named event 'placement briefing' + date+time+location structure (sender: Rohan).,"One more thing: Calendar update: placement briefing, 2026-09-04 at 15:00, the college auditorium.",False
MSG_0155,2026-09-05 06:58:00,Kabir,sensitive_information,0.95,False,Matched sensitive value present (sender: Kabir).,FYI: My account recovery code is ******.,False
MSG_0156,2026-09-05 07:35:00,Rohan,meeting_or_event,0.93,False,Matched calendar entry + named event 'placement briefing' + date+time+location structure (sender: Rohan).,"For today: Calendar update: placement briefing, 2026-09-14 at 13:00, the college auditorium.",False
MSG_0157,2026-09-05 08:12:00,Neha,action_required,0.9,False,Matched request verb 'verify' + task noun 'dataset labels' + request 'need you to' + date bound 'by 2026-09-07' (sender: Neha).,Just checking-I need you to verify the dataset labels by 2026-09-07.,False
MSG_0158,2026-09-05 08:49:00,Maya,personal_information,0.9,False,Matched personal note + favourite preference (sender: Maya).,Important: Personal note: my favourite language is Python.,False
MSG_0159,2026-09-05 09:26:00,Kabir,general_information,0.76,False,Matched availability statement (sender: Kabir).,"Hi, The webinar recording is now available.",False
MSG_0160,2026-09-05 10:03:00,Aarav,action_required,0.88,False,Matched request verb 'submit' + task noun 'weekly report' + polite request 'please' + date bound 'by 2026-09-05' (sender: Aarav).,Important: Please submit the weekly report by 2026-09-05.,False
MSG_0161,2026-09-05 10:40:00,Ishaan,general_information,0.74,False,Matched relocation notice (sender: Ishaan).,Just checking-The building entrance has moved temporarily.,False
MSG_0162,2026-09-05 11:17:00,Maya,meeting_or_event,0.89,False,Matched invitation to join + named event 'study-group session' + date+time+location structure (sender: Maya).,"Important: Please join the study-group session on 2026-09-03, 14:00 at Google Meet.",False
MSG_0163,2026-09-05 11:54:00,Tara,action_required,0.89,False,Matched request verb 'call' + imperative 'don't forget' + explicit 'deadline' (sender: Tara).,FYI: Don't forget to call the service centre; deadline is 2026-09-08.,False
MSG_0164,2026-09-05 12:31:00,Vikram,general_information,0.74,False,Matched hours-change statement 2 (sender: Vikram).,Just checking-The support team changed its working hours.,False
MSG_0165,2026-09-05 13:08:00,Maya,personal_information,0.9,False,Matched profile statement + favourite preference (sender: Maya).,"One more thing: For my profile, my favourite language is Python.",False
MSG_0166,2026-09-05 13:45:00,Tara,personal_information,0.9,False,Matched personal note + diet preference (sender: Tara).,Personal note: i am vegetarian.,False
MSG_0167,2026-09-05 14:22:00,Promotions,promotional,0.93,False,Matched sender is the promotions account + promo code 'SAVE..' + sale or offer wording + festival wording (sender: Promotions).,Special festival discount on clothing. Use code SAVE17.,False
MSG_0168,2026-09-05 14:59:00,Ishaan,meeting_or_event,0.89,False,Matched invitation to join + named event 'AI workshop' + date+time+location structure (sender: Ishaan).,"Hi, Please join the AI workshop on 2026-09-08, 11:00 at Conference Room 2.",False
MSG_0169,2026-09-05 15:36:00,Kabir,meeting_or_event,0.94,False,Matched reminder of an event + scheduled date phrase + named event 'sprint planning' + date+time+location structure (sender: Kabir).,Important: Reminder: sprint planning happens on 2026-09-06 at 9:00 in the city clinic.,False
MSG_0170,2026-09-05 16:13:00,Meera,action_required,0.86,False,Matched request verb 'Share' + task noun 'meeting notes' + due-date phrase 'due on' (sender: Meera).,FYI: Share the meeting notes is due on 2026-09-05.,False
MSG_0171,2026-09-05 16:50:00,Aarav,action_required,0.88,False,Matched request verb 'confirm' + task noun 'interview slot' + polite request 'please' + date bound 'by 2026-09-09' (sender: Aarav).,For today: Please confirm the interview slot by 2026-09-09.,False
MSG_0172,2026-09-05 17:27:00,Aarav,sensitive_information,0.95,False,Matched sensitive value present (sender: Aarav).,Important: My home address is ******.,False
MSG_0173,2026-09-05 18:04:00,Neha,action_required,0.9,False,Matched request verb 'review' + task noun 'model results' + request 'need you to' + date bound 'by 2026-09-05' (sender: Neha).,One more thing: I need you to review the model results by 2026-09-05.,False
MSG_0174,2026-09-05 18:41:00,Meera,general_information,0.76,False,Matched maintenance notice (sender: Meera).,One more thing: The office Wi-Fi will be under maintenance tonight.,False
MSG_0175,2026-09-05 19:18:00,Neha,action_required,0.9,False,Matched request verb 'review' + task noun 'model results' + request 'need you to' + date bound 'by 2026-09-06' (sender: Neha).,Just checking-I need you to review the model results by 2026-09-06.,False
MSG_0176,2026-09-05 19:55:00,Vikram,general_information,0.74,False,Matched reorganisation notice (sender: Vikram).,For today: The project folder was reorganized.,False
MSG_0177,2026-09-05 20:32:00,Tara,meeting_or_event,0.94,False,Matched reminder of an event + scheduled date phrase + named event 'sprint planning' + date+time+location structure (sender: Tara).,FYI: Reminder: sprint planning happens on 2026-09-21 at 16:00 in the cafeteria.,False
MSG_0178,2026-09-05 21:09:00,Vikram,action_required,0.9,False,Matched request verb 'renew' + task noun 'library book' + request 'need you to' + date bound 'by 2026-09-02' (sender: Vikram).,Just checking-I need you to renew the library book by 2026-09-02.,False
MSG_0179,2026-09-05 21:46:00,Ishaan,personal_information,0.72,False,Matched communication preference (sender: Ishaan).,Please note: Remember that i prefer receiving updates by email.,False
MSG_0180,2026-09-05 22:23:00,Tara,general_information,0.52,True,No specific classification signal matched; the message reads as an informational statement.,One more thing: Maya asked whether the demo was ready.,False
MSG_0181,2026-09-05 23:00:00,Ishaan,personal_information,0.72,False,Matched communication preference (sender: Ishaan).,For today: Remember that i prefer receiving updates by email.,False
MSG_0182,2026-09-05 23:37:00,Rohan,personal_information,0.8,False,Matched food preference (sender: Rohan).,"Hi, Just so you know, i drink coffee without sugar.",False
MSG_0183,2026-09-06 00:14:00,Kabir,personal_information,0.8,False,Matched clothing size (sender: Kabir).,"Just checking-Just so you know, my T-shirt size is medium.",False
MSG_0184,2026-09-06 00:51:00,Meera,meeting_or_event,0.93,False,Matched calendar entry + named event 'placement briefing' + date+time+location structure (sender: Meera).,"Can you help? Calendar update: placement briefing, 2026-09-09 at 16:00, the library.",False
MSG_0185,2026-09-06 01:28:00,Rohan,personal_information,0.8,False,Matched food preference (sender: Rohan).,FYI: Remember that i drink coffee without sugar.,False
MSG_0186,2026-09-06 02:05:00,Kabir,general_information,0.73,False,Matched status statement (sender: Kabir).,Please note: The laptop battery is fully charged.,False
MSG_0187,2026-09-06 02:42:00,Rohan,sensitive_information,0.95,False,Matched sensitive value present (sender: Rohan).,Just checking-My recent test result says ******.,False
MSG_0188,2026-09-06 03:19:00,HR Team,general_information,0.71,False,Matched update statement (sender: HR Team).,For today: The report template has been updated.,False
MSG_0189,2026-09-06 03:56:00,Ananya,personal_information,0.77,False,Matched meeting-time preference (sender: Ananya).,FYI: I might prefer evening meetings now.,False
MSG_0190,2026-09-06 04:33:00,Vikram,action_required,0.71,True,Matched request verb 'review' + conditional 'if possible' (sender: Vikram). Low-confidence match.,"If possible, review the file before the meeting.",False
MSG_0191,2026-09-06 05:10:00,Maya,sensitive_information,0.95,False,Matched sensitive value present (sender: Maya).,Quick update: You can contact me on **************.,False
MSG_0192,2026-09-06 05:47:00,Promotions,promotional,0.94,False,Matched sender is the promotions account + promo code 'SAVE..' + sale or offer wording + buy-one-get-one (sender: Promotions).,One more thing: Limited-time offer: buy one course and get one free. Use code SAVE21.,False
MSG_0193,2026-09-06 06:24:00,Kabir,action_required,0.75,True,Matched request verb 'call' + polite request 'please' (sender: Kabir). Low-confidence match.,Please call Maya when you are free.,False
MSG_0194,2026-09-06 07:01:00,Project Lead,general_information,0.73,False,Matched status statement (sender: Project Lead).,FYI: The laptop battery is fully charged.,False
MSG_0195,2026-09-06 07:38:00,Aarav,action_required,0.88,False,Matched request verb 'confirm' + task noun 'interview slot' + polite request 'please' + date bound 'by 2026-09-03' (sender: Aarav).,One more thing: Please confirm the interview slot by 2026-09-03.,False
MSG_0196,2026-09-06 08:15:00,Vikram,personal_information,0.8,False,Matched appearance preference (sender: Vikram).,"One more thing: Just so you know, i use dark mode.",False
MSG_0197,2026-09-06 08:52:00,Neha,general_information,0.76,False,Matched operating-hours statement (sender: Neha).,Please note: The event registration desk opens at 9 AM.,False
MSG_0198,2026-09-06 09:29:00,Vikram,action_required,0.71,True,Matched request verb 'review' + conditional 'if possible' (sender: Vikram). Low-confidence match.,"Hi, If possible, review the file before the meeting.",False
MSG_0199,2026-09-06 10:06:00,Aarav,sensitive_information,0.95,False,Matched sensitive value present (sender: Aarav).,Quick update: My home address is ******.,False
MSG_0200,2026-09-06 10:43:00,Ananya,general_information,0.71,False,Matched update statement (sender: Ananya).,Just checking-The report template has been updated.,False
MSG_0201,2026-09-06 11:20:00,Rohan,meeting_or_event,0.93,False,Matched calendar entry + named event 'placement briefing' + date+time+location structure (sender: Rohan).,"Please note: Calendar update: placement briefing, 2026-09-04 at 15:00, the college auditorium.",False
MSG_0202,2026-09-06 11:57:00,Promotions,promotional,0.92,False,Matched sender is the promotions account + promo code 'SAVE..' + cashback (sender: Promotions).,Just checking-Book movie tickets today and receive cashback. Use code SAVE26.,False
MSG_0203,2026-09-06 12:34:00,Rohan,action_required,0.86,False,Matched request verb 'Prepare' + task noun 'demo video' + due-date phrase 'due on' (sender: Rohan).,One more thing: Prepare the demo video is due on 2026-09-05.,False
MSG_0204,2026-09-06 13:11:00,Neha,personal_information,0.89,False,Matched personal note + habit statement (sender: Neha).,FYI: Personal note: i usually study after dinner.,False
MSG_0205,2026-09-06 13:48:00,Promotions,promotional,0.92,False,Matched sender is the promotions account + promo code 'SAVE..' + percentage discount (sender: Promotions).,"Hi, Get 25% off selected headphones this weekend. Use code SAVE10.",False
MSG_0206,2026-09-06 14:25:00,Promotions,promotional,0.92,False,Matched sender is the promotions account + promo code 'SAVE..' + coupon expiry (sender: Promotions).,"Hi, Your food-delivery coupon expires tonight. Use code SAVE12.",False
MSG_0207,2026-09-06 15:02:00,Maya,meeting_or_event,0.75,True,Matched tentative meeting proposal (sender: Maya). Low-confidence match.,FYI: Let us meet sometime next week.,False
MSG_0208,2026-09-06 15:39:00,Aarav,action_required,0.88,False,Matched request verb 'submit' + task noun 'weekly report' + polite request 'please' + date bound 'by 2026-09-06' (sender: Aarav).,Quick update: Please submit the weekly report by 2026-09-06.,False
MSG_0209,2026-09-06 16:16:00,Meera,meeting_or_event,0.93,False,Matched calendar entry + named event 'team stand-up' + date+time+location structure (sender: Meera).,"Please note: Calendar update: team stand-up, 2026-09-19 at 10:00, the library.",False
MSG_0210,2026-09-06 16:53:00,Ishaan,action_required,0.89,False,Matched request verb 'finish' + task noun 'test cases' + request 'can you' + date bound 'before 2026-09-09' (sender: Ishaan).,Just checking-Can you finish the test cases before 2026-09-09?,False
MSG_0211,2026-09-06 17:30:00,Vikram,personal_information,0.8,False,Matched appearance preference (sender: Vikram).,"Just checking-Just so you know, i use dark mode.",False
MSG_0212,2026-09-06 18:07:00,Tara,personal_information,0.9,False,Matched profile statement + diet preference (sender: Tara).,"One more thing: For my profile, i am vegetarian.",False
MSG_0213,2026-09-06 18:44:00,Meera,meeting_or_event,0.53,True,Matched tentative review slot (sender: Meera). Low-confidence match.,FYI: The review could be Friday afternoon.,False
MSG_0214,2026-09-06 19:21:00,Maya,general_information,0.76,False,Matched hours-change statement (sender: Maya).,Important: The library has extended weekend hours.,False
MSG_0215,2026-09-06 19:58:00,Ishaan,action_required,0.89,False,Matched request verb 'review' + task noun 'privacy checklist' + request 'can you' + date bound 'before 2026-09-06' (sender: Ishaan).,For today: Can you review the privacy checklist before 2026-09-06?,False
MSG_0216,2026-09-06 20:35:00,Aarav,meeting_or_event,0.9,False,Matched explicit schedule + named event 'project review' + date+time+location structure (sender: Aarav).,Important: The project review is scheduled for 2026-09-12 at 11:00 in Meeting Room A.,False
MSG_0217,2026-09-06 21:12:00,Meera,meeting_or_event,0.53,True,Matched tentative review slot (sender: Meera). Low-confidence match.,Please note: The review could be Friday afternoon.,False
MSG_0218,2026-09-06 21:49:00,Kabir,meeting_or_event,0.94,False,Matched reminder of an event + scheduled date phrase + named event 'sprint planning' + date+time+location structure (sender: Kabir).,Reminder: sprint planning happens on 2026-09-16 at 15:00 in the city clinic.,False
MSG_0219,2026-09-06 22:26:00,Meera,action_required,0.86,False,Matched request verb 'Send' + task noun 'expense receipt' + due-date phrase 'due on' (sender: Meera).,Quick update: Send the expense receipt is due on 2026-09-05.,False
MSG_0220,2026-09-06 23:03:00,Aarav,action_required,0.88,False,Matched request verb 'confirm' + task noun 'interview slot' + polite request 'please' + date bound 'by 2026-09-06' (sender: Aarav).,Important: Please confirm the interview slot by 2026-09-06.,False
MSG_0221,2026-09-06 23:40:00,Ishaan,action_required,0.89,False,Matched request verb 'finish' + task noun 'test cases' + request 'can you' + date bound 'before 2026-09-04' (sender: Ishaan).,FYI: Can you finish the test cases before 2026-09-04?,False
MSG_0222,2026-09-07 00:17:00,Ishaan,meeting_or_event,0.89,False,Matched invitation to join + named event 'internship orientation' + date+time+location structure (sender: Ishaan).,"One more thing: Please join the internship orientation on 2026-09-18, 9:00 at Conference Room 2.",False
MSG_0223,2026-09-07 00:54:00,Maya,meeting_or_event,0.89,False,Matched invitation to join + named event 'study-group session' + date+time+location structure (sender: Maya).,"Hi, Please join the study-group session on 2026-09-13, 16:00 at Google Meet.",False
MSG_0224,2026-09-07 01:31:00,Neha,general_information,0.76,False,Matched operating-hours statement (sender: Neha).,One more thing: The event registration desk opens at 9 AM.,False
MSG_0225,2026-09-07 02:08:00,Ishaan,general_information,0.76,False,Matched operating-hours statement (sender: Ishaan).,Please note: The cafeteria closes at 8 PM.,False
MSG_0226,2026-09-07 02:45:00,Neha,action_required,0.9,False,Matched request verb 'verify' + task noun 'dataset labels' + request 'need you to' + date bound 'by 2026-09-02' (sender: Neha).,FYI: I need you to verify the dataset labels by 2026-09-02.,False
MSG_0227,2026-09-07 03:22:00,Rohan,general_information,0.68,False,Matched possibility statement (sender: Rohan).,Important: The report may be needed tomorrow.,False
MSG_0228,2026-09-07 03:59:00,Aarav,personal_information,0.85,False,Matched meeting-time preference + communication preference (sender: Aarav).,"One more thing: Just so you know, i prefer morning meetings.",False
MSG_0229,2026-09-07 04:36:00,Tara,sensitive_information,0.95,False,Matched sensitive value present (sender: Tara).,Can you help? My identification number is ******.,False
MSG_0230,2026-09-07 05:13:00,Ishaan,promotional,0.75,False,Matched plan upsell wording (sender: Ishaan).,Can you help? You may like our new student plan.,False
MSG_0231,2026-09-07 05:50:00,Maya,action_required,0.89,False,Matched request verb 'send' + task noun 'revised presentation' + request 'can you' + date bound 'before 2026-09-07' (sender: Maya).,Quick update: Can you send the revised presentation before 2026-09-07?,False
MSG_0232,2026-09-07 06:27:00,Vikram,action_required,0.9,False,Matched request verb 'renew' + task noun 'library book' + request 'need you to' + date bound 'by 2026-09-10' (sender: Vikram).,One more thing: I need you to renew the library book by 2026-09-10.,False
MSG_0233,2026-09-07 07:04:00,Kabir,sensitive_information,0.95,False,Matched sensitive value present (sender: Kabir).,One more thing: My account recovery code is ******.,False
MSG_0234,2026-09-07 07:41:00,Promotions,promotional,0.92,False,Matched sender is the promotions account + promo code 'SAVE..' + coupon expiry (sender: Promotions).,Please note: Your food-delivery coupon expires tonight. Use code SAVE22.,False
MSG_0235,2026-09-07 08:18:00,Rohan,general_information,0.68,False,Matched possibility statement (sender: Rohan).,Can you help? The report may be needed tomorrow.,False
MSG_0236,2026-09-07 08:55:00,Ishaan,promotional,0.75,False,Matched plan upsell wording (sender: Ishaan).,Quick update: You may like our new student plan.,False
MSG_0237,2026-09-07 09:32:00,Promotions,promotional,0.92,False,Matched sender is the promotions account + promo code 'SAVE..' + sale or offer wording (sender: Promotions).,For today: Flash sale on laptops starts at 6 PM. Use code SAVE43.,False
MSG_0238,2026-09-07 10:09:00,Neha,general_information,0.74,False,Matched relocation notice (sender: Neha).,The building entrance has moved temporarily.,False
MSG_0239,2026-09-07 10:46:00,Ananya,personal_information,0.9,False,Matched profile statement + living-near statement (sender: Ananya).,"For today: For my profile, i live near the central library.",False
MSG_0240,2026-09-07 11:23:00,Rohan,general_information,0.68,False,Matched possibility statement (sender: Rohan).,Just checking-The report may be needed tomorrow.,False
MSG_0241,2026-09-07 12:00:00,Ishaan,personal_information,0.72,False,Matched communication preference (sender: Ishaan).,One more thing: Remember that i prefer receiving updates by email.,False
MSG_0242,2026-09-07 12:37:00,Promotions,promotional,0.92,False,Matched sender is the promotions account + promo code 'SAVE..' + reward points (sender: Promotions).,FYI: Earn reward points on your next purchase. Use code SAVE45.,False
MSG_0243,2026-09-07 13:14:00,Ananya,sensitive_information,0.95,False,Matched sensitive value present (sender: Ananya).,Just checking-Your OTP is *********. It expires in 10 minutes.,False
MSG_0244,2026-09-07 13:51:00,Maya,meeting_or_event,0.89,False,Matched invitation to join + named event 'AI workshop' + date+time+location structure (sender: Maya).,"One more thing: Please join the AI workshop on 2026-09-03, 14:00 at Google Meet.",False
MSG_0245,2026-09-07 14:28:00,Ananya,action_required,0.87,False,Matched request verb 'complete' + polite request 'please' + date bound 'by 2026-09-08' (sender: Ananya).,One more thing: Please complete the Python exercise by 2026-09-08.,False
MSG_0246,2026-09-07 15:05:00,Ishaan,general_information,0.82,False,Matched availability statement + version statement (sender: Ishaan).,The new Python version is available.,False
MSG_0247,2026-09-07 15:42:00,Meera,general_information,0.76,False,Matched hours-change statement (sender: Meera).,"Hi, The library has extended weekend hours.",False
MSG_0248,2026-09-07 16:19:00,Meera,personal_information,0.9,False,Matched profile statement + emergency-contact statement (sender: Meera).,"Quick update: For my profile, my emergency contact is my brother.",False
MSG_0249,2026-09-07 16:56:00,Tara,meeting_or_event,0.94,False,Matched reminder of an event + scheduled date phrase + named event 'mentor catch-up' + date+time+location structure (sender: Tara).,Important: Reminder: mentor catch-up happens on 2026-09-21 at 12:00 in the cafeteria.,False
MSG_0250,2026-09-07 17:33:00,Neha,personal_information,0.89,False,Matched personal note + habit statement (sender: Neha).,One more thing: Personal note: i usually study after dinner.,False
MSG_0251,2026-09-07 18:10:00,Tara,action_required,0.89,False,Matched request verb 'call' + imperative 'don't forget' + explicit 'deadline' (sender: Tara).,Don't forget to call the service centre; deadline is 2026-09-03.,False
MSG_0252,2026-09-07 18:47:00,Vikram,action_required,0.89,False,Matched request verb 'back up' + request 'need you to' + date bound 'by 2026-09-06' (sender: Vikram).,Quick update: I need you to back up the project files by 2026-09-06.,False
MSG_0253,2026-09-07 19:24:00,Kabir,general_information,0.76,False,Matched availability statement (sender: Kabir).,Can you help? The webinar recording is now available.,False
MSG_0254,2026-09-07 20:01:00,Neha,sensitive_information,0.94,False,Matched sensitive value present (sender: Neha).,For today: Please note my bank account number ***************.,False
MSG_0255,2026-09-07 20:38:00,Maya,meeting_or_event,0.89,False,Matched invitation to join + named event 'internship orientation' + date+time+location structure (sender: Maya).,"Hi, Please join the internship orientation on 2026-09-03, 14:00 at Google Meet.",False
MSG_0256,2026-09-07 21:15:00,Promotions,promotional,0.92,False,Matched sender is the promotions account + promo code 'SAVE..' + percentage discount (sender: Promotions).,For today: Get 25% off selected headphones this weekend. Use code SAVE40.,False
MSG_0257,2026-09-07 21:52:00,Neha,sensitive_information,0.94,False,Matched sensitive value present (sender: Neha).,FYI: Please note my bank account number ***************.,False
MSG_0258,2026-09-07 22:29:00,Aarav,meeting_or_event,0.92,False,Matched explicit schedule + named event 'client discussion' + date+time+location structure (sender: Aarav).,One more thing: The client discussion is scheduled for 2026-09-02 at 13:00 in Meeting Room A.,False
MSG_0259,2026-09-07 23:06:00,Promotions,promotional,0.93,False,Matched sender is the promotions account + promo code 'SAVE..' + plan upsell wording (sender: Promotions).,Can you help? Upgrade your subscription and save 30%. Use code SAVE14.,False
MSG_0260,2026-09-07 23:43:00,Maya,personal_information,0.9,False,Matched profile statement + favourite preference (sender: Maya).,"Please note: For my profile, my favourite language is Python.",False
MSG_0261,2026-09-08 00:20:00,Promotions,promotional,0.93,False,Matched sender is the promotions account + promo code 'SAVE..' + plan upsell wording (sender: Promotions).,Please note: Upgrade your subscription and save 30%. Use code SAVE24.,False
MSG_0262,2026-09-08 00:57:00,Ishaan,promotional,0.75,False,Matched plan upsell wording (sender: Ishaan).,You may like our new student plan.,False
MSG_0263,2026-09-08 01:34:00,Rohan,general_information,0.74,False,Matched hours-change statement 2 (sender: Rohan).,FYI: The support team changed its working hours.,False
MSG_0264,2026-09-08 02:11:00,Tara,sensitive_information,0.95,False,Matched sensitive value present (sender: Tara).,"Hi, My identification number is ******.",False
MSG_0265,2026-09-08 02:48:00,Tara,action_required,0.9,False,Matched request verb 'pay' + task noun 'electricity bill' + imperative 'don't forget' + explicit 'deadline' (sender: Tara).,"Hi, Don't forget to pay the electricity bill; deadline is 2026-09-10.",False
MSG_0266,2026-09-08 03:25:00,Meera,general_information,0.76,False,Matched service-interval statement (sender: Meera).,For today: The shuttle leaves every thirty minutes.,False
MSG_0267,2026-09-08 04:02:00,Neha,sensitive_information,0.94,False,Matched sensitive value present (sender: Neha).,Please note: Please note my bank account number ***************.,False
MSG_0268,2026-09-08 04:39:00,Tara,meeting_or_event,0.94,False,Matched reminder of an event + scheduled date phrase + named event 'sprint planning' + date+time+location structure (sender: Tara).,Please note: Reminder: sprint planning happens on 2026-09-11 at 14:00 in the cafeteria.,False
MSG_0269,2026-09-08 05:16:00,Kabir,action_required,0.9,False,Matched request verb 'upload' + task noun 'assignment' + imperative 'don't forget' + explicit 'deadline' (sender: Kabir).,For today: Don't forget to upload the assignment; deadline is 2026-09-03.,False
MSG_0270,2026-09-08 05:53:00,Kabir,general_information,0.73,False,Matched status statement (sender: Kabir).,One more thing: The laptop battery is fully charged.,False
MSG_0271,2026-09-08 06:30:00,Neha,meeting_or_event,0.89,False,Matched availability request for a slot + named event 'design review' + date+time+location structure (sender: Neha).,For today: Are you available for the design review at 14:00 on 2026-09-15? Location: the main office.,False
MSG_0272,2026-09-08 07:07:00,Neha,personal_information,0.9,False,Matched profile statement + habit statement (sender: Neha).,"Hi, For my profile, i usually study after dinner.",False
MSG_0273,2026-09-08 07:44:00,Ananya,sensitive_information,0.95,False,Matched sensitive value present (sender: Ananya).,Quick update: Your OTP is *********. It expires in 10 minutes.,False
MSG_0274,2026-09-08 08:21:00,Neha,general_information,0.76,False,Matched operating-hours statement (sender: Neha).,"Hi, The cafeteria closes at 8 PM.",False
MSG_0275,2026-09-08 08:58:00,Meera,meeting_or_event,0.93,False,Matched calendar entry + named event 'family dinner' + date+time+location structure (sender: Meera).,"FYI: Calendar update: family dinner, 2026-09-19 at 14:00, the library.",False
MSG_0276,2026-09-08 09:35:00,Promotions,promotional,0.92,False,Matched sender is the promotions account + promo code 'SAVE..' + free delivery (sender: Promotions).,Quick update: Free delivery on orders above 499 rupees. Use code SAVE38.,False
MSG_0277,2026-09-08 10:12:00,Tara,general_information,0.52,True,No specific classification signal matched; the message reads as an informational statement.,Quick update: Maya asked whether the demo was ready.,False
MSG_0278,2026-09-08 10:49:00,Maya,meeting_or_event,0.75,True,Matched tentative meeting proposal (sender: Maya). Low-confidence match.,One more thing: Let us meet sometime next week.,False
MSG_0279,2026-09-08 11:26:00,Project Lead,general_information,0.76,False,Matched hours-change statement (sender: Project Lead).,Please note: The library has extended weekend hours.,False
MSG_0280,2026-09-08 12:03:00,Meera,action_required,0.86,False,Matched request verb 'Share' + task noun 'meeting notes' + due-date phrase 'due on' (sender: Meera).,Quick update: Share the meeting notes is due on 2026-09-04.,False
MSG_0281,2026-09-08 12:40:00,Promotions,promotional,0.92,False,Matched sender is the promotions account + promo code 'SAVE..' + reward points (sender: Promotions).,Earn reward points on your next purchase. Use code SAVE15.,False
MSG_0282,2026-09-08 13:17:00,Vikram,meeting_or_event,0.91,False,Matched availability request for a slot + named event 'technical interview' + date+time+location structure (sender: Vikram).,Please note: Are you available for the technical interview at 13:00 on 2026-09-10? Location: the training hall.,False
MSG_0283,2026-09-08 13:54:00,Tara,action_required,0.89,False,Matched request verb 'call' + imperative 'don't forget' + explicit 'deadline' (sender: Tara).,Important: Don't forget to call the service centre; deadline is 2026-09-06.,False
MSG_0284,2026-09-08 14:31:00,HR Team,general_information,0.76,False,Matched weather statement (sender: HR Team).,One more thing: The weather forecast says light rain.,False
MSG_0285,2026-09-08 15:08:00,Kabir,general_information,0.76,False,Matched hours-change statement (sender: Kabir).,For today: The library has extended weekend hours.,False
MSG_0286,2026-09-08 15:45:00,Ananya,general_information,0.76,False,Matched holiday notice (sender: Ananya).,"Hi, Tomorrow is a public holiday.",False
MSG_0287,2026-09-08 16:22:00,Ananya,action_required,0.88,False,Matched request verb 'reply' + task noun 'client email' + polite request 'please' + date bound 'by 2026-09-08' (sender: Ananya).,Just checking-Please reply to the client email by 2026-09-08.,False
MSG_0288,2026-09-08 16:59:00,Ananya,sensitive_information,0.95,False,Matched sensitive value present (sender: Ananya).,One more thing: Your OTP is *********. It expires in 10 minutes.,False
MSG_0289,2026-09-08 17:36:00,Ishaan,action_required,0.89,False,Matched request verb 'finish' + task noun 'test cases' + request 'can you' + date bound 'before 2026-09-02' (sender: Ishaan).,Important: Can you finish the test cases before 2026-09-02?,False
MSG_0290,2026-09-08 18:13:00,Kabir,general_information,0.73,False,Matched status statement (sender: Kabir).,Just checking-The laptop battery is fully charged.,False
MSG_0291,2026-09-08 18:50:00,Ananya,general_information,0.74,False,Matched hours-change statement 2 (sender: Ananya).,The support team changed its working hours.,False
MSG_0292,2026-09-08 19:27:00,Promotions,promotional,0.92,False,Matched sender is the promotions account + promo code 'SAVE..' + percentage discount (sender: Promotions).,Important: Get 25% off selected headphones this weekend. Use code SAVE30.,False
MSG_0293,2026-09-08 20:04:00,Vikram,meeting_or_event,0.89,False,Matched availability request for a slot + named event 'design review' + date+time+location structure (sender: Vikram).,Quick update: Are you available for the design review at 15:00 on 2026-09-20? Location: the training hall.,False
MSG_0294,2026-09-08 20:41:00,Tara,meeting_or_event,0.94,False,Matched reminder of an event + scheduled date phrase + named event 'mentor catch-up' + date+time+location structure (sender: Tara).,Reminder: mentor catch-up happens on 2026-09-11 at 10:00 in the cafeteria.,False
MSG_0295,2026-09-08 21:18:00,Promotions,promotional,0.92,False,Matched sender is the promotions account + promo code 'SAVE..' + free delivery (sender: Promotions).,Free delivery on orders above 499 rupees. Use code SAVE18.,False
MSG_0296,2026-09-08 21:55:00,Meera,personal_information,0.9,False,Matched profile statement + emergency-contact statement (sender: Meera).,"Important: For my profile, my emergency contact is my brother.",False
MSG_0297,2026-09-08 22:32:00,Vikram,personal_information,0.8,False,Matched appearance preference (sender: Vikram).,"Please note: Just so you know, i use dark mode.",False
MSG_0298,2026-09-08 23:09:00,Promotions,promotional,0.92,False,Matched sender is the promotions account + promo code 'SAVE..' + reward points (sender: Promotions).,Can you help? Earn reward points on your next purchase. Use code SAVE15.,False
MSG_0299,2026-09-08 23:46:00,Promotions,promotional,0.92,False,Matched sender is the promotions account + promo code 'SAVE..' + reward points (sender: Promotions).,Just checking-Earn reward points on your next purchase. Use code SAVE25.,False
MSG_0300,2026-09-09 00:23:00,Maya,action_required,0.86,False,Matched task noun 'project tracker' + request 'can you' + date bound 'before 2026-09-10' (sender: Maya).,For today: Can you update the project tracker before 2026-09-10?,False
MSG_0301,2026-09-09 01:00:00,Ananya,action_required,0.88,False,Matched request verb 'reply' + task noun 'client email' + polite request 'please' + date bound 'by 2026-09-05' (sender: Ananya).,Can you help? Please reply to the client email by 2026-09-05.,False
MSG_0302,2026-09-09 01:37:00,Ananya,meeting_or_event,0.92,False,Matched explicit schedule + named event 'client discussion' + date+time+location structure (sender: Ananya).,Important: The client discussion is scheduled for 2026-09-17 at 16:00 in Zoom.,False
MSG_0303,2026-09-09 02:14:00,Ishaan,general_information,0.76,False,Matched operating-hours statement (sender: Ishaan).,One more thing: The cafeteria closes at 8 PM.,False
MSG_0304,2026-09-09 02:51:00,Promotions,promotional,0.93,False,Matched sender is the promotions account + promo code 'SAVE..' + plan upsell wording (sender: Promotions).,Join our premium plan for exclusive benefits. Use code SAVE19.,False
MSG_0305,2026-09-09 03:28:00,Kabir,personal_information,0.8,False,Matched clothing size (sender: Kabir).,"Please note: Just so you know, my T-shirt size is medium.",False
MSG_0306,2026-09-09 04:05:00,Neha,action_required,0.9,False,Matched request verb 'review' + task noun 'model results' + request 'need you to' + date bound 'by 2026-09-07' (sender: Neha).,Please note: I need you to review the model results by 2026-09-07.,False
MSG_0307,2026-09-09 04:42:00,Maya,action_required,0.89,False,Matched request verb 'send' + task noun 'revised presentation' + request 'can you' + date bound 'before 2026-09-02' (sender: Maya).,"Hi, Can you send the revised presentation before 2026-09-02?",False
MSG_0308,2026-09-09 05:19:00,Ishaan,personal_information,0.72,False,Matched communication preference (sender: Ishaan).,"Hi, Just so you know, i prefer receiving updates by email.",False
MSG_0309,2026-09-09 05:56:00,Kabir,action_required,0.9,False,Matched request verb 'email' + task noun 'signed document' + imperative 'don't forget' + explicit 'deadline' (sender: Kabir).,Can you help? Don't forget to email the signed document; deadline is 2026-09-05.,False
MSG_0310,2026-09-09 06:33:00,Aarav,action_required,0.76,True,Matched request verb 'send' + request 'could you' (sender: Aarav). Low-confidence match.,Could you send it soon?,False
MSG_0311,2026-09-09 07:10:00,Ishaan,meeting_or_event,0.89,False,Matched invitation to join + named event 'study-group session' + date+time+location structure (sender: Ishaan).,"For today: Please join the study-group session on 2026-09-18, 9:00 at Conference Room 2.",False
MSG_0312,2026-09-09 07:47:00,Vikram,action_required,0.89,False,Matched request verb 'back up' + request 'need you to' + date bound 'by 2026-09-10' (sender: Vikram).,"Hi, I need you to back up the project files by 2026-09-10.",False
MSG_0313,2026-09-09 08:24:00,Meera,general_information,0.73,False,Matched status statement (sender: Meera).,Quick update: The laptop battery is fully charged.,False
MSG_0314,2026-09-09 09:01:00,Aarav,action_required,0.88,False,Matched request verb 'confirm' + task noun 'interview slot' + polite request 'please' + date bound 'by 2026-09-03' (sender: Aarav).,Please confirm the interview slot by 2026-09-03.,False
MSG_0315,2026-09-09 09:38:00,Kabir,sensitive_information,0.95,False,Matched sensitive value present (sender: Kabir).,Important: My account recovery code is ******.,False
MSG_0316,2026-09-09 10:15:00,Vikram,meeting_or_event,0.91,False,Matched availability request for a slot + named event 'technical interview' + date+time+location structure (sender: Vikram).,FYI: Are you available for the technical interview at 15:00 on 2026-09-20? Location: the training hall.,False
MSG_0317,2026-09-09 10:52:00,Maya,action_required,0.89,False,Matched request verb 'send' + task noun 'revised presentation' + request 'can you' + date bound 'before 2026-09-03' (sender: Maya).,Can you send the revised presentation before 2026-09-03?,False
MSG_0318,2026-09-09 11:29:00,Promotions,promotional,0.92,False,Matched sender is the promotions account + promo code 'SAVE..' + free delivery (sender: Promotions).,For today: Free delivery on orders above 499 rupees. Use code SAVE48.,False
MSG_0319,2026-09-09 12:06:00,Aarav,personal_information,0.85,False,Matched meeting-time preference + communication preference (sender: Aarav).,Quick update: Remember that i prefer morning meetings.,False
MSG_0320,2026-09-09 12:43:00,Neha,general_information,0.74,False,Matched relocation notice (sender: Neha).,"Hi, The building entrance has moved temporarily.",False
MSG_0321,2026-09-09 13:20:00,Neha,personal_information,0.89,False,Matched personal note + habit statement (sender: Neha).,For today: Personal note: i usually study after dinner.,False
MSG_0322,2026-09-09 13:57:00,HR Team,general_information,0.71,False,Matched update statement (sender: HR Team).,FYI: The report template has been updated.,False
MSG_0323,2026-09-09 14:34:00,Aarav,action_required,0.76,True,Matched request verb 'send' + request 'could you' (sender: Aarav). Low-confidence match.,Can you help? Could you send it soon?,False
MSG_0324,2026-09-09 15:11:00,Maya,general_information,0.76,False,Matched maintenance notice (sender: Maya).,For today: The office Wi-Fi will be under maintenance tonight.,False
MSG_0325,2026-09-09 15:48:00,Maya,general_information,0.73,False,Matched status statement (sender: Maya).,The laptop battery is fully charged.,False
MSG_0326,2026-09-09 16:25:00,Kabir,personal_information,0.8,False,Matched clothing size (sender: Kabir).,Quick update: Remember that my T-shirt size is medium.,False
MSG_0327,2026-09-09 17:02:00,Vikram,meeting_or_event,0.91,False,Matched availability request for a slot + named event 'college seminar' + date+time+location structure (sender: Vikram).,For today: Are you available for the college seminar at 9:00 on 2026-09-10? Location: the training hall.,False
MSG_0328,2026-09-09 17:39:00,Promotions,promotional,0.93,False,Matched sender is the promotions account + promo code 'SAVE..' + plan upsell wording (sender: Promotions).,Important: Upgrade your subscription and save 30%. Use code SAVE34.,False
MSG_0329,2026-09-09 18:16:00,Ishaan,general_information,0.8,False,Matched portal statement + supply statement (sender: Ishaan).,FYI: The training material is on the portal.,False
MSG_0330,2026-09-09 18:53:00,Maya,meeting_or_event,0.89,False,Matched invitation to join + named event 'AI workshop' + date+time+location structure (sender: Maya).,"Please note: Please join the AI workshop on 2026-09-03, 14:00 at Google Meet.",False
MSG_0331,2026-09-09 19:30:00,Rohan,action_required,0.86,False,Matched request verb 'Complete' + task noun 'onboarding form' + due-date phrase 'due on' (sender: Rohan).,Can you help? Complete the onboarding form is due on 2026-09-02.,False
MSG_0332,2026-09-09 20:07:00,Vikram,personal_information,0.8,False,Matched appearance preference (sender: Vikram).,Remember that i use dark mode.,False
MSG_0333,2026-09-09 20:44:00,HR Team,general_information,0.76,False,Matched weather statement (sender: HR Team).,Just checking-The weather forecast says light rain.,False
MSG_0334,2026-09-09 21:21:00,Vikram,action_required,0.89,False,Matched request verb 'back up' + request 'need you to' + date bound 'by 2026-09-04' (sender: Vikram).,Please note: I need you to back up the project files by 2026-09-04.,False
MSG_0335,2026-09-09 21:58:00,Aarav,action_required,0.88,False,Matched request verb 'confirm' + task noun 'interview slot' + polite request 'please' + date bound 'by 2026-09-07' (sender: Aarav).,Quick update: Please confirm the interview slot by 2026-09-07.,False
MSG_0336,2026-09-09 22:35:00,Neha,general_information,0.82,False,Matched availability statement + version statement (sender: Neha).,For today: The new Python version is available.,False
MSG_0337,2026-09-09 23:12:00,Maya,sensitive_information,0.95,False,Matched sensitive value present (sender: Maya).,You can contact me on ***********.,False
MSG_0338,2026-09-09 23:49:00,Aarav,meeting_or_event,0.92,False,Matched explicit schedule + named event 'product demo' + date+time+location structure (sender: Aarav).,"Hi, The product demo is scheduled for 2026-09-12 at 15:00 in Meeting Room A.",False
MSG_0339,2026-09-10 00:26:00,Tara,action_required,0.9,False,Matched request verb 'pay' + task noun 'electricity bill' + imperative 'don't forget' + explicit 'deadline' (sender: Tara).,Quick update: Don't forget to pay the electricity bill; deadline is 2026-09-06.,False
MSG_0340,2026-09-10 01:03:00,Vikram,action_required,0.89,False,Matched request verb 'back up' + request 'need you to' + date bound 'by 2026-09-07' (sender: Vikram).,FYI: I need you to back up the project files by 2026-09-07.,False
MSG_0341,2026-09-10 01:40:00,Promotions,promotional,0.92,False,Matched sender is the promotions account + promo code 'SAVE..' + reward points (sender: Promotions).,Important: Earn reward points on your next purchase. Use code SAVE35.,False
MSG_0342,2026-09-10 02:17:00,Aarav,meeting_or_event,0.92,False,Matched explicit schedule + named event 'product demo' + date+time+location structure (sender: Aarav).,Can you help? The product demo is scheduled for 2026-09-12 at 11:00 in Meeting Room A.,False
MSG_0343,2026-09-10 02:54:00,Ishaan,promotional,0.75,False,Matched plan upsell wording (sender: Ishaan).,Just checking-You may like our new student plan.,False
MSG_0344,2026-09-10 03:31:00,Ishaan,sensitive_information,0.94,False,Matched sensitive value present (sender: Ishaan).,"Hi, Use password ****** to sign in to the test account.",False
MSG_0345,2026-09-10 04:08:00,Kabir,action_required,0.9,False,Matched request verb 'upload' + task noun 'assignment' + imperative 'don't forget' + explicit 'deadline' (sender: Kabir).,Just checking-Don't forget to upload the assignment; deadline is 2026-09-07.,False
MSG_0346,2026-09-10 04:45:00,Ishaan,sensitive_information,0.94,False,Matched sensitive value present (sender: Ishaan).,Quick update: Use password ****** to sign in to the test account.,False
MSG_0347,2026-09-10 05:22:00,Tara,sensitive_information,0.95,False,Matched sensitive value present (sender: Tara).,Just checking-My identification number is ******.,False
MSG_0348,2026-09-10 05:59:00,Tara,general_information,0.52,True,No specific classification signal matched; the message reads as an informational statement.,Maya asked whether the demo was ready.,False
MSG_0349,2026-09-10 06:36:00,Tara,sensitive_information,0.95,False,Matched sensitive value present (sender: Tara).,My identification number is ******.,False
MSG_0350,2026-09-10 07:13:00,Maya,meeting_or_event,0.75,True,Matched tentative meeting proposal (sender: Maya). Low-confidence match.,Let us meet sometime next week.,False
MSG_0351,2026-09-10 07:50:00,Vikram,sensitive_information,0.95,False,Matched sensitive value present (sender: Vikram).,Quick update: The temporary access token is ******.,False
MSG_0352,2026-09-10 08:27:00,Neha,sensitive_information,0.94,False,Matched sensitive value present (sender: Neha).,Can you help? Please note my bank account number ***************.,False
MSG_0353,2026-09-10 09:04:00,Ananya,personal_information,0.9,False,Matched personal note + living-near statement (sender: Ananya).,Quick update: Personal note: i live near the central library.,False
MSG_0354,2026-09-10 09:41:00,Maya,meeting_or_event,0.75,True,Matched tentative meeting proposal (sender: Maya). Low-confidence match.,Can you help? Let us meet sometime next week.,False
MSG_0355,2026-09-10 10:18:00,Neha,personal_information,0.89,False,Matched personal note + habit statement (sender: Neha).,Just checking-Personal note: i usually study after dinner.,False
MSG_0356,2026-09-10 10:55:00,Aarav,meeting_or_event,0.92,False,Matched explicit schedule + named event 'client discussion' + date+time+location structure (sender: Aarav).,FYI: The client discussion is scheduled for 2026-09-12 at 15:00 in Meeting Room A.,False
MSG_0357,2026-09-10 11:32:00,Ananya,meeting_or_event,0.9,False,Matched explicit schedule + named event 'project review' + date+time+location structure (sender: Ananya).,Just checking-The project review is scheduled for 2026-09-17 at 12:00 in Zoom.,False
MSG_0358,2026-09-10 12:09:00,Meera,action_required,0.86,False,Matched request verb 'Send' + task noun 'expense receipt' + due-date phrase 'due on' (sender: Meera).,Send the expense receipt is due on 2026-09-10.,False
MSG_0359,2026-09-10 12:46:00,Neha,meeting_or_event,0.91,False,Matched availability request for a slot + named event 'technical interview' + date+time+location structure (sender: Neha).,"Hi, Are you available for the technical interview at 10:00 on 2026-09-15? Location: the main office.",False
MSG_0360,2026-09-10 13:23:00,Neha,action_required,0.9,False,Matched request verb 'verify' + task noun 'dataset labels' + request 'need you to' + date bound 'by 2026-09-03' (sender: Neha).,For today: I need you to verify the dataset labels by 2026-09-03.,False
MSG_0361,2026-09-10 14:00:00,Rohan,action_required,0.86,False,Matched request verb 'Prepare' + task noun 'demo video' + due-date phrase 'due on' (sender: Rohan).,Important: Prepare the demo video is due on 2026-09-08.,False
MSG_0362,2026-09-10 14:37:00,Promotions,promotional,0.92,False,Matched sender is the promotions account + promo code 'SAVE..' + cashback (sender: Promotions).,Can you help? Book movie tickets today and receive cashback. Use code SAVE16.,False
MSG_0363,2026-09-10 15:14:00,Vikram,meeting_or_event,0.89,False,Matched availability request for a slot + named event 'design review' + date+time+location structure (sender: Vikram).,Can you help? Are you available for the design review at 9:00 on 2026-09-10? Location: the training hall.,False
MSG_0364,2026-09-10 15:51:00,Promotions,promotional,0.92,False,Matched sender is the promotions account + promo code 'SAVE..' + cashback (sender: Promotions).,For today: Book movie tickets today and receive cashback. Use code SAVE46.,False
MSG_0365,2026-09-10 16:28:00,Ananya,action_required,0.88,False,Matched request verb 'reply' + task noun 'client email' + polite request 'please' + date bound 'by 2026-09-07' (sender: Ananya).,One more thing: Please reply to the client email by 2026-09-07.,False
MSG_0366,2026-09-10 17:05:00,Ananya,action_required,0.88,False,Matched request verb 'reply' + task noun 'client email' + polite request 'please' + date bound 'by 2026-09-03' (sender: Ananya).,FYI: Please reply to the client email by 2026-09-03.,False
MSG_0367,2026-09-10 17:42:00,Meera,sensitive_information,0.95,False,Matched sensitive value present (sender: Meera).,"Hi, My card number is **********************.",False
MSG_0368,2026-09-10 18:19:00,Kabir,action_required,0.9,False,Matched request verb 'email' + task noun 'signed document' + imperative 'don't forget' + explicit 'deadline' (sender: Kabir).,Please note: Don't forget to email the signed document; deadline is 2026-09-09.,False
MSG_0369,2026-09-10 18:56:00,Aarav,action_required,0.88,False,Matched request verb 'submit' + task noun 'weekly report' + polite request 'please' + date bound 'by 2026-09-04' (sender: Aarav).,Please note: Please submit the weekly report by 2026-09-04.,False
MSG_0370,2026-09-10 19:33:00,Ananya,general_information,0.74,False,Matched reorganisation notice (sender: Ananya).,Quick update: The project folder was reorganized.,False
MSG_0371,2026-09-10 20:10:00,Aarav,personal_information,0.85,False,Matched meeting-time preference + communication preference (sender: Aarav).,Can you help? Remember that i prefer morning meetings.,False
MSG_0372,2026-09-10 20:47:00,Aarav,personal_information,0.85,False,Matched meeting-time preference + communication preference (sender: Aarav).,"FYI: Just so you know, i prefer morning meetings.",False
MSG_0373,2026-09-10 21:24:00,Promotions,promotional,0.92,False,Matched sender is the promotions account + promo code 'SAVE..' + reward points (sender: Promotions).,Please note: Earn reward points on your next purchase. Use code SAVE25.,False
MSG_0374,2026-09-10 22:01:00,Kabir,personal_information,0.8,False,Matched clothing size (sender: Kabir).,Can you help? Remember that my T-shirt size is medium.,False
MSG_0375,2026-09-10 22:38:00,Promotions,promotional,0.92,False,Matched sender is the promotions account + promo code 'SAVE..' + cashback (sender: Promotions).,"Hi, Book movie tickets today and receive cashback. Use code SAVE16.",False
MSG_0376,2026-09-10 23:15:00,Ishaan,sensitive_information,0.94,False,Matched sensitive value present (sender: Ishaan).,For today: Use password ****** to sign in to the test account.,False
MSG_0377,2026-09-10 23:52:00,Vikram,action_required,0.71,True,Matched request verb 'review' + conditional 'if possible' (sender: Vikram). Low-confidence match.,"One more thing: If possible, review the file before the meeting.",False
MSG_0378,2026-09-11 00:29:00,Maya,meeting_or_event,0.89,False,Matched invitation to join + named event 'internship orientation' + date+time+location structure (sender: Maya).,"Important: Please join the internship orientation on 2026-09-13, 12:00 at Google Meet.",False
MSG_0379,2026-09-11 01:06:00,Aarav,action_required,0.88,False,Matched request verb 'submit' + task noun 'weekly report' + polite request 'please' + date bound 'by 2026-09-02' (sender: Aarav).,One more thing: Please submit the weekly report by 2026-09-02.,False
MSG_0380,2026-09-11 01:43:00,Rohan,personal_information,0.8,False,Matched food preference (sender: Rohan).,Please note: Remember that i drink coffee without sugar.,False
MSG_0381,2026-09-11 02:20:00,Maya,personal_information,0.9,False,Matched profile statement + favourite preference (sender: Maya).,"Just checking-For my profile, my favourite language is Python.",False
MSG_0382,2026-09-11 02:57:00,Ananya,meeting_or_event,0.9,False,Matched explicit schedule + named event 'project review' + date+time+location structure (sender: Ananya).,For today: The project review is scheduled for 2026-09-07 at 14:00 in Zoom.,False
MSG_0383,2026-09-11 03:34:00,Meera,general_information,0.76,False,Matched availability statement (sender: Meera).,Just checking-The webinar recording is now available.,False
MSG_0384,2026-09-11 04:11:00,Neha,meeting_or_event,0.91,False,Matched availability request for a slot + named event 'college seminar' + date+time+location structure (sender: Neha).,"Hi, Are you available for the college seminar at 16:00 on 2026-09-05? Location: the main office.",False
MSG_0385,2026-09-11 04:48:00,Aarav,sensitive_information,0.95,False,Matched sensitive value present (sender: Aarav).,My home address is ******.,False
MSG_0386,2026-09-11 05:25:00,Aarav,action_required,0.76,True,Matched request verb 'send' + request 'could you' (sender: Aarav). Low-confidence match.,FYI: Could you send it soon?,False
MSG_0387,2026-09-11 06:02:00,HR Team,general_information,0.74,False,Matched reorganisation notice (sender: HR Team).,The project folder was reorganized.,False
MSG_0388,2026-09-11 06:39:00,Tara,general_information,0.8,False,Matched portal statement + supply statement (sender: Tara).,Can you help? The training material is on the portal.,False
MSG_0389,2026-09-11 07:16:00,Vikram,sensitive_information,0.95,False,Matched sensitive value present (sender: Vikram).,The temporary access token is ******.,False
MSG_0390,2026-09-11 07:53:00,Promotions,promotional,0.92,False,Matched sender is the promotions account + promo code 'SAVE..' + free delivery (sender: Promotions).,Can you help? Free delivery on orders above 499 rupees. Use code SAVE18.,False
MSG_0391,2026-09-11 08:30:00,Promotions,promotional,0.93,False,Matched sender is the promotions account + promo code 'SAVE..' + plan upsell wording (sender: Promotions).,FYI: Upgrade your subscription and save 30%. Use code SAVE44.,False
MSG_0392,2026-09-11 09:07:00,HR Team,general_information,0.74,False,Matched reorganisation notice (sender: HR Team).,Can you help? The project folder was reorganized.,False
MSG_0393,2026-09-11 09:44:00,Aarav,action_required,0.76,True,Matched request verb 'send' + request 'could you' (sender: Aarav). Low-confidence match.,Quick update: Could you send it soon?,False
MSG_0394,2026-09-11 10:21:00,Kabir,action_required,0.9,False,Matched request verb 'email' + task noun 'signed document' + imperative 'don't forget' + explicit 'deadline' (sender: Kabir).,FYI: Don't forget to email the signed document; deadline is 2026-09-03.,False
MSG_0395,2026-09-11 10:58:00,Vikram,personal_information,0.8,False,Matched appearance preference (sender: Vikram).,Can you help? Remember that i use dark mode.,False
MSG_0396,2026-09-11 11:35:00,Ananya,action_required,0.87,False,Matched request verb 'complete' + polite request 'please' + date bound 'by 2026-09-07' (sender: Ananya).,"Hi, Please complete the Python exercise by 2026-09-07.",False
MSG_0397,2026-09-11 12:12:00,Neha,sensitive_information,0.94,False,Matched sensitive value present (sender: Neha).,Just checking-Please note my bank account number ***************.,False
MSG_0398,2026-09-11 12:49:00,Rohan,action_required,0.86,False,Matched request verb 'Complete' + task noun 'onboarding form' + due-date phrase 'due on' (sender: Rohan).,FYI: Complete the onboarding form is due on 2026-09-09.,False
MSG_0399,2026-09-11 13:26:00,Vikram,general_information,0.74,False,Matched hours-change statement 2 (sender: Vikram).,One more thing: The support team changed its working hours.,False
MSG_0400,2026-09-11 14:03:00,HR Team,general_information,0.74,False,Matched hours-change statement 2 (sender: HR Team).,Important: The support team changed its working hours.,False
MSG_0401,2026-09-11 14:40:00,Vikram,action_required,0.89,False,Matched request verb 'back up' + request 'need you to' + date bound 'by 2026-09-02' (sender: Vikram).,I need you to back up the project files by 2026-09-02.,False
MSG_0402,2026-09-11 15:17:00,Ananya,personal_information,0.77,False,Matched meeting-time preference (sender: Ananya).,One more thing: I might prefer evening meetings now.,False
MSG_0403,2026-09-11 15:54:00,Kabir,sensitive_information,0.95,False,Matched sensitive value present (sender: Kabir).,Quick update: My account recovery code is ******.,False
MSG_0404,2026-09-11 16:31:00,Ananya,general_information,0.76,False,Matched holiday notice (sender: Ananya).,Can you help? Tomorrow is a public holiday.,False
MSG_0405,2026-09-11 17:08:00,Kabir,meeting_or_event,0.94,False,Matched reminder of an event + scheduled date phrase + named event 'doctor appointment' + date+time+location structure (sender: Kabir).,Quick update: Reminder: doctor appointment happens on 2026-09-16 at 11:00 in the city clinic.,False
MSG_0406,2026-09-11 17:45:00,Maya,general_information,0.73,False,Matched status statement (sender: Maya).,"Hi, The laptop battery is fully charged.",False
MSG_0407,2026-09-11 18:22:00,Maya,action_required,0.89,False,Matched request verb 'send' + task noun 'revised presentation' + request 'can you' + date bound 'before 2026-09-06' (sender: Maya).,Important: Can you send the revised presentation before 2026-09-06?,False
MSG_0408,2026-09-11 18:59:00,Aarav,personal_information,0.85,False,Matched meeting-time preference + communication preference (sender: Aarav).,Remember that i prefer morning meetings.,False
MSG_0409,2026-09-11 19:36:00,Promotions,promotional,0.92,False,Matched sender is the promotions account + promo code 'SAVE..' + cashback (sender: Promotions).,Quick update: Book movie tickets today and receive cashback. Use code SAVE36.,False
MSG_0410,2026-09-11 20:13:00,Kabir,action_required,0.75,True,Matched request verb 'call' + polite request 'please' (sender: Kabir). Low-confidence match.,Can you help? Please call Maya when you are free.,False
MSG_0411,2026-09-11 20:50:00,Maya,sensitive_information,0.95,False,Matched sensitive value present (sender: Maya).,Please note: You can contact me on **************.,False
MSG_0412,2026-09-11 21:27:00,Maya,action_required,0.86,False,Matched task noun 'project tracker' + request 'can you' + date bound 'before 2026-09-04' (sender: Maya).,One more thing: Can you update the project tracker before 2026-09-04?,False
MSG_0413,2026-09-11 22:04:00,Neha,meeting_or_event,0.91,False,Matched availability request for a slot + named event 'technical interview' + date+time+location structure (sender: Neha).,Quick update: Are you available for the technical interview at 12:00 on 2026-09-05? Location: the main office.,False
MSG_0414,2026-09-11 22:41:00,Neha,meeting_or_event,0.89,False,Matched availability request for a slot + named event 'design review' + date+time+location structure (sender: Neha).,One more thing: Are you available for the design review at 16:00 on 2026-09-05? Location: the main office.,False
MSG_0415,2026-09-11 23:18:00,Promotions,promotional,0.92,False,Matched sender is the promotions account + promo code 'SAVE..' + percentage discount (sender: Promotions).,Can you help? Get 25% off selected headphones this weekend. Use code SAVE10.,False
MSG_0416,2026-09-11 23:55:00,Rohan,sensitive_information,0.95,False,Matched sensitive value present (sender: Rohan).,Please note: My recent test result says ******.,False
MSG_0417,2026-09-12 00:32:00,Neha,action_required,0.9,False,Matched request verb 'verify' + task noun 'dataset labels' + request 'need you to' + date bound 'by 2026-09-09' (sender: Neha).,Important: I need you to verify the dataset labels by 2026-09-09.,False
MSG_0418,2026-09-12 01:09:00,Ananya,action_required,0.88,False,Matched request verb 'reply' + task noun 'client email' + polite request 'please' + date bound 'by 2026-09-09' (sender: Ananya).,Please note: Please reply to the client email by 2026-09-09.,False
MSG_0419,2026-09-12 01:46:00,Meera,sensitive_information,0.95,False,Matched sensitive value present (sender: Meera).,Quick update: My card number is **********************.,False
MSG_0420,2026-09-12 02:23:00,Rohan,action_required,0.86,False,Matched request verb 'Complete' + task noun 'onboarding form' + due-date phrase 'due on' (sender: Rohan).,One more thing: Complete the onboarding form is due on 2026-09-04.,False
MSG_0421,2026-09-12 03:00:00,Ananya,personal_information,0.9,False,Matched profile statement + living-near statement (sender: Ananya).,"Just checking-For my profile, i live near the central library.",False
MSG_0422,2026-09-12 03:37:00,Ananya,action_required,0.87,False,Matched request verb 'complete' + polite request 'please' + date bound 'by 2026-09-03' (sender: Ananya).,Quick update: Please complete the Python exercise by 2026-09-03.,False
MSG_0423,2026-09-12 04:14:00,Aarav,meeting_or_event,0.92,False,Matched explicit schedule + named event 'product demo' + date+time+location structure (sender: Aarav).,Quick update: The product demo is scheduled for 2026-09-02 at 9:00 in Meeting Room A.,False
MSG_0424,2026-09-12 04:51:00,Tara,meeting_or_event,0.94,False,Matched reminder of an event + scheduled date phrase + named event 'sprint planning' + date+time+location structure (sender: Tara).,Just checking-Reminder: sprint planning happens on 2026-09-11 at 10:00 in the cafeteria.,False
MSG_0425,2026-09-12 05:28:00,Neha,action_required,0.9,False,Matched request verb 'review' + task noun 'model results' + request 'need you to' + date bound 'by 2026-09-08' (sender: Neha).,Important: I need you to review the model results by 2026-09-08.,False
MSG_0426,2026-09-12 06:05:00,Tara,personal_information,0.9,False,Matched profile statement + diet preference (sender: Tara).,"Just checking-For my profile, i am vegetarian.",False
MSG_0427,2026-09-12 06:42:00,Ananya,meeting_or_event,0.9,False,Matched explicit schedule + named event 'project review' + date+time+location structure (sender: Ananya).,Please note: The project review is scheduled for 2026-09-17 at 16:00 in Zoom.,False
MSG_0428,2026-09-12 07:19:00,Tara,general_information,0.52,True,No specific classification signal matched; the message reads as an informational statement.,Important: Maya asked whether the demo was ready.,False
MSG_0429,2026-09-12 07:56:00,Ananya,personal_information,0.9,False,Matched profile statement + living-near statement (sender: Ananya).,"FYI: For my profile, i live near the central library.",False
MSG_0430,2026-09-12 08:33:00,Ishaan,meeting_or_event,0.89,False,Matched invitation to join + named event 'internship orientation' + date+time+location structure (sender: Ishaan).,"FYI: Please join the internship orientation on 2026-09-08, 11:00 at Conference Room 2.",False
MSG_0431,2026-09-12 09:10:00,Aarav,general_information,0.76,False,Matched operating-hours statement (sender: Aarav).,The event registration desk opens at 9 AM.,False
MSG_0432,2026-09-12 09:47:00,Promotions,promotional,0.94,False,Matched sender is the promotions account + promo code 'SAVE..' + sale or offer wording + buy-one-get-one (sender: Promotions).,Can you help? Limited-time offer: buy one course and get one free. Use code SAVE11.,False
MSG_0433,2026-09-12 10:24:00,Ishaan,general_information,0.76,False,Matched operating-hours statement (sender: Ishaan).,Just checking-The cafeteria closes at 8 PM.,False
MSG_0434,2026-09-12 11:01:00,Meera,general_information,0.76,False,Matched availability statement (sender: Meera).,Please note: The webinar recording is now available.,False
MSG_0435,2026-09-12 11:38:00,Rohan,meeting_or_event,0.93,False,Matched calendar entry + named event 'family dinner' + date+time+location structure (sender: Rohan).,"Can you help? Calendar update: family dinner, 2026-09-14 at 13:00, the college auditorium.",False
MSG_0436,2026-09-12 12:15:00,Vikram,sensitive_information,0.95,False,Matched sensitive value present (sender: Vikram).,For today: The temporary access token is ******.,False
MSG_0437,2026-09-12 12:52:00,Aarav,personal_information,0.85,False,Matched meeting-time preference + communication preference (sender: Aarav).,"For today: Just so you know, i prefer morning meetings.",False
MSG_0438,2026-09-12 13:29:00,Kabir,action_required,0.75,True,Matched request verb 'call' + polite request 'please' (sender: Kabir). Low-confidence match.,One more thing: Please call Maya when you are free.,False
MSG_0439,2026-09-12 14:06:00,Tara,general_information,0.52,True,No specific classification signal matched; the message reads as an informational statement.,FYI: Maya asked whether the demo was ready.,False
MSG_0440,2026-09-12 14:43:00,Rohan,general_information,0.76,False,Matched holiday notice (sender: Rohan).,FYI: Tomorrow is a public holiday.,False
MSG_0441,2026-09-12 15:20:00,Neha,personal_information,0.9,False,Matched profile statement + habit statement (sender: Neha).,"Can you help? For my profile, i usually study after dinner.",False
MSG_0442,2026-09-12 15:57:00,Neha,general_information,0.76,False,Matched operating-hours statement (sender: Neha).,Can you help? The cafeteria closes at 8 PM.,False
MSG_0443,2026-09-12 16:34:00,Rohan,general_information,0.76,False,Matched weather statement (sender: Rohan).,Important: The weather forecast says light rain.,False
MSG_0444,2026-09-12 17:11:00,Maya,meeting_or_event,0.75,True,Matched tentative meeting proposal (sender: Maya). Low-confidence match.,Quick update: Let us meet sometime next week.,False
MSG_0445,2026-09-12 17:48:00,Vikram,meeting_or_event,0.91,False,Matched availability request for a slot + named event 'technical interview' + date+time+location structure (sender: Vikram).,One more thing: Are you available for the technical interview at 13:00 on 2026-09-10? Location: the training hall.,False
MSG_0446,2026-09-12 18:25:00,Ananya,personal_information,0.9,False,Matched personal note + living-near statement (sender: Ananya).,Can you help? Personal note: i live near the central library.,False
MSG_0447,2026-09-12 19:02:00,Promotions,promotional,0.92,False,Matched sender is the promotions account + promo code 'SAVE..' + coupon expiry (sender: Promotions).,For today: Your food-delivery coupon expires tonight. Use code SAVE42.,False
MSG_0448,2026-09-12 19:39:00,Promotions,promotional,0.93,False,Matched sender is the promotions account + promo code 'SAVE..' + plan upsell wording (sender: Promotions).,FYI: Join our premium plan for exclusive benefits. Use code SAVE49.,False
MSG_0449,2026-09-12 20:16:00,Ishaan,meeting_or_event,0.89,False,Matched invitation to join + named event 'AI workshop' + date+time+location structure (sender: Ishaan).,"Important: Please join the AI workshop on 2026-09-18, 9:00 at Conference Room 2.",False
MSG_0450,2026-09-12 20:53:00,Neha,meeting_or_event,0.91,False,Matched availability request for a slot + named event 'college seminar' + date+time+location structure (sender: Neha).,Important: Are you available for the college seminar at 14:00 on 2026-09-15? Location: the main office.,False
MSG_0451,2026-09-12 21:30:00,Ananya,action_required,0.88,False,Matched request verb 'reply' + task noun 'client email' + polite request 'please' + date bound 'by 2026-09-07' (sender: Ananya).,Please reply to the client email by 2026-09-07.,False
MSG_0452,2026-09-12 22:07:00,Ishaan,general_information,0.76,False,Matched operating-hours statement (sender: Ishaan).,Important: The event registration desk opens at 9 AM.,False
MSG_0453,2026-09-12 22:44:00,Tara,personal_information,0.9,False,Matched personal note + diet preference (sender: Tara).,Quick update: Personal note: i am vegetarian.,False
MSG_0454,2026-09-12 23:21:00,Promotions,promotional,0.92,False,Matched sender is the promotions account + promo code 'SAVE..' + coupon expiry (sender: Promotions).,Quick update: Your food-delivery coupon expires tonight. Use code SAVE32.,False
MSG_0455,2026-09-12 23:58:00,Neha,action_required,0.9,False,Matched request verb 'verify' + task noun 'dataset labels' + request 'need you to' + date bound 'by 2026-09-06' (sender: Neha).,One more thing: I need you to verify the dataset labels by 2026-09-06.,False
MSG_0456,2026-09-13 00:35:00,Aarav,meeting_or_event,0.92,False,Matched explicit schedule + named event 'client discussion' + date+time+location structure (sender: Aarav).,Just checking-The client discussion is scheduled for 2026-09-02 at 9:00 in Meeting Room A.,False
MSG_0457,2026-09-13 01:12:00,Vikram,action_required,0.71,True,Matched request verb 'review' + conditional 'if possible' (sender: Vikram). Low-confidence match.,"Can you help? If possible, review the file before the meeting.",False
MSG_0458,2026-09-13 01:49:00,Rohan,meeting_or_event,0.93,False,Matched calendar entry + named event 'team stand-up' + date+time+location structure (sender: Rohan).,"Calendar update: team stand-up, 2026-09-04 at 11:00, the college auditorium.",False
MSG_0459,2026-09-13 02:26:00,Rohan,general_information,0.74,False,Matched reorganisation notice (sender: Rohan).,Just checking-The project folder was reorganized.,False
MSG_0460,2026-09-13 03:03:00,Neha,general_information,0.52,True,No specific classification signal matched; the message reads as an informational statement.,Quick update: I will send the login details separately.,False
MSG_0461,2026-09-13 03:40:00,Promotions,promotional,0.92,False,Matched sender is the promotions account + promo code 'SAVE..' + sale or offer wording (sender: Promotions).,Can you help? Flash sale on laptops starts at 6 PM. Use code SAVE13.,False
MSG_0462,2026-09-13 04:17:00,Meera,meeting_or_event,0.53,True,Matched tentative review slot (sender: Meera). Low-confidence match.,Can you help? The review could be Friday afternoon.,False
MSG_0463,2026-09-13 04:54:00,Vikram,general_information,0.76,False,Matched weather statement (sender: Vikram).,"Hi, The weather forecast says light rain.",False
MSG_0464,2026-09-13 05:31:00,Tara,general_information,0.52,True,No specific classification signal matched; the message reads as an informational statement.,Please note: Maya asked whether the demo was ready.,False
MSG_0465,2026-09-13 06:08:00,Kabir,meeting_or_event,0.94,False,Matched reminder of an event + scheduled date phrase + named event 'doctor appointment' + date+time+location structure (sender: Kabir).,"Hi, Reminder: doctor appointment happens on 2026-09-06 at 9:00 in the city clinic.",False
MSG_0466,2026-09-13 06:45:00,Ishaan,promotional,0.75,False,Matched plan upsell wording (sender: Ishaan).,"Hi, You may like our new student plan.",False
MSG_0467,2026-09-13 07:22:00,Neha,action_required,0.9,False,Matched request verb 'review' + task noun 'model results' + request 'need you to' + date bound 'by 2026-09-05' (sender: Neha).,I need you to review the model results by 2026-09-05.,False
MSG_0468,2026-09-13 07:59:00,Ishaan,action_required,0.89,False,Matched request verb 'finish' + task noun 'test cases' + request 'can you' + date bound 'before 2026-09-06' (sender: Ishaan).,Can you help? Can you finish the test cases before 2026-09-06?,False
MSG_0469,2026-09-13 08:36:00,Tara,general_information,0.52,True,No specific classification signal matched; the message reads as an informational statement.,"Hi, Maya asked whether the demo was ready.",False
MSG_0470,2026-09-13 09:13:00,Project Lead,general_information,0.76,False,Matched hours-change statement (sender: Project Lead).,Just checking-The library has extended weekend hours.,False
MSG_0471,2026-09-13 09:50:00,Ishaan,sensitive_information,0.94,False,Matched sensitive value present (sender: Ishaan).,FYI: Use password ****** to sign in to the test account.,False
MSG_0472,2026-09-13 10:27:00,Project Lead,general_information,0.76,False,Matched service-interval statement (sender: Project Lead).,The shuttle leaves every thirty minutes.,False
MSG_0473,2026-09-13 11:04:00,Meera,action_required,0.86,False,Matched request verb 'Send' + task noun 'expense receipt' + due-date phrase 'due on' (sender: Meera).,Please note: Send the expense receipt is due on 2026-09-03.,False
MSG_0474,2026-09-13 11:41:00,Ananya,general_information,0.74,False,Matched hours-change statement 2 (sender: Ananya).,Can you help? The support team changed its working hours.,False
MSG_0475,2026-09-13 12:18:00,Aarav,sensitive_information,0.95,False,Matched sensitive value present (sender: Aarav).,Just checking-My home address is ******.,False
MSG_0476,2026-09-13 12:55:00,Vikram,personal_information,0.8,False,Matched appearance preference (sender: Vikram).,"FYI: Just so you know, i use dark mode.",False
MSG_0477,2026-09-13 13:32:00,Vikram,general_information,0.76,False,Matched weather statement (sender: Vikram).,The weather forecast says light rain.,False
MSG_0478,2026-09-13 14:09:00,Tara,general_information,0.8,False,Matched portal statement + supply statement (sender: Tara).,"Hi, The training material is on the portal.",False
MSG_0479,2026-09-13 14:46:00,Rohan,meeting_or_event,0.93,False,Matched calendar entry + named event 'family dinner' + date+time+location structure (sender: Rohan).,"Hi, Calendar update: family dinner, 2026-09-14 at 9:00, the college auditorium.",False
MSG_0480,2026-09-13 15:23:00,Aarav,action_required,0.88,False,Matched request verb 'confirm' + task noun 'interview slot' + polite request 'please' + date bound 'by 2026-09-08' (sender: Aarav).,FYI: Please confirm the interview slot by 2026-09-08.,False
MSG_0481,2026-09-13 16:00:00,Ishaan,action_required,0.89,False,Matched request verb 'review' + task noun 'privacy checklist' + request 'can you' + date bound 'before 2026-09-02' (sender: Ishaan).,Please note: Can you review the privacy checklist before 2026-09-02?,False
MSG_0482,2026-09-13 16:37:00,Neha,general_information,0.76,False,Matched operating-hours statement (sender: Neha).,The cafeteria closes at 8 PM.,False
MSG_0483,2026-09-13 17:14:00,Neha,action_required,0.9,False,Matched request verb 'verify' + task noun 'dataset labels' + request 'need you to' + date bound 'by 2026-09-10' (sender: Neha).,Quick update: I need you to verify the dataset labels by 2026-09-10.,False
MSG_0484,2026-09-13 17:51:00,Rohan,meeting_or_event,0.93,False,Matched calendar entry + named event 'team stand-up' + date+time+location structure (sender: Rohan).,"Can you help? Calendar update: team stand-up, 2026-09-04 at 11:00, the college auditorium.",False
MSG_0485,2026-09-13 18:28:00,Meera,action_required,0.86,False,Matched request verb 'Send' + task noun 'expense receipt' + due-date phrase 'due on' (sender: Meera).,"Hi, Send the expense receipt is due on 2026-09-09.",False
MSG_0486,2026-09-13 19:05:00,Aarav,action_required,0.76,True,Matched request verb 'send' + request 'could you' (sender: Aarav). Low-confidence match.,One more thing: Could you send it soon?,False
MSG_0487,2026-09-13 19:42:00,Ishaan,action_required,0.89,False,Matched request verb 'review' + task noun 'privacy checklist' + request 'can you' + date bound 'before 2026-09-10' (sender: Ishaan).,Just checking-Can you review the privacy checklist before 2026-09-10?,False
MSG_0488,2026-09-13 20:19:00,Kabir,meeting_or_event,0.94,False,Matched reminder of an event + scheduled date phrase + named event 'mentor catch-up' + date+time+location structure (sender: Kabir).,For today: Reminder: mentor catch-up happens on 2026-09-16 at 15:00 in the city clinic.,False
MSG_0489,2026-09-13 20:56:00,Ananya,personal_information,0.77,False,Matched meeting-time preference (sender: Ananya).,Please note: I might prefer evening meetings now.,False
MSG_0490,2026-09-13 21:33:00,Aarav,general_information,0.82,False,Matched availability statement + version statement (sender: Aarav).,Quick update: The new Python version is available.,False
MSG_0491,2026-09-13 22:10:00,Rohan,general_information,0.76,False,Matched weather statement (sender: Rohan).,Quick update: The weather forecast says light rain.,False
MSG_0492,2026-09-13 22:47:00,Aarav,action_required,0.76,True,Matched request verb 'send' + request 'could you' (sender: Aarav). Low-confidence match.,Please note: Could you send it soon?,False
MSG_0493,2026-09-13 23:24:00,Meera,meeting_or_event,0.53,True,Matched tentative review slot (sender: Meera). Low-confidence match.,Important: The review could be Friday afternoon.,False
MSG_0494,2026-09-14 00:01:00,Rohan,sensitive_information,0.95,False,Matched sensitive value present (sender: Rohan).,FYI: My recent test result says ******.,False
MSG_0495,2026-09-14 00:38:00,Kabir,action_required,0.75,True,Matched request verb 'call' + polite request 'please' (sender: Kabir). Low-confidence match.,Quick update: Please call Maya when you are free.,False
MSG_0496,2026-09-14 01:15:00,Tara,sensitive_information,0.95,False,Matched sensitive value present (sender: Tara).,Quick update: My identification number is ******.,False
MSG_0497,2026-09-14 01:52:00,Promotions,promotional,0.93,False,Matched sender is the promotions account + promo code 'SAVE..' + plan upsell wording (sender: Promotions).,Can you help? Join our premium plan for exclusive benefits. Use code SAVE19.,False
MSG_0498,2026-09-14 02:29:00,Kabir,action_required,0.9,False,Matched request verb 'upload' + task noun 'assignment' + imperative 'don't forget' + explicit 'deadline' (sender: Kabir).,Please note: Don't forget to upload the assignment; deadline is 2026-09-08.,False
MSG_0499,2026-09-14 03:06:00,Promotions,promotional,0.92,False,Matched sender is the promotions account + promo code 'SAVE..' + cashback (sender: Promotions).,Book movie tickets today and receive cashback. Use code SAVE16.,False
MSG_0500,2026-09-14 03:43:00,Aarav,personal_information,0.85,False,Matched meeting-time preference + communication preference (sender: Aarav).,"Hi, Remember that i prefer morning meetings.",False
MSG_0501,2026-09-14 04:20:00,Aarav,personal_information,0.85,False,Matched meeting-time preference + communication preference (sender: Aarav).,Important: Remember that i prefer morning meetings.,False
MSG_0502,2026-09-14 04:57:00,Maya,meeting_or_event,0.75,True,Matched tentative meeting proposal (sender: Maya). Low-confidence match.,"Hi, Let us meet sometime next week.",False
MSG_0503,2026-09-14 05:34:00,Tara,action_required,0.89,False,Matched request verb 'call' + imperative 'don't forget' + explicit 'deadline' (sender: Tara).,Can you help? Don't forget to call the service centre; deadline is 2026-09-10.,False
MSG_0504,2026-09-14 06:11:00,Maya,personal_information,0.9,False,Matched personal note + favourite preference (sender: Maya).,"Hi, Personal note: my favourite language is Python.",False
MSG_0505,2026-09-14 06:48:00,Aarav,action_required,0.76,True,Matched request verb 'send' + request 'could you' (sender: Aarav). Low-confidence match.,For today: Could you send it soon?,False
MSG_0506,2026-09-14 07:25:00,Rohan,general_information,0.71,False,Matched update statement (sender: Rohan).,"Hi, The report template has been updated.",False
MSG_0507,2026-09-14 08:02:00,Rohan,sensitive_information,0.95,False,Matched sensitive value present (sender: Rohan).,Important: My recent test result says ******.,False
MSG_0508,2026-09-14 08:39:00,Ishaan,meeting_or_event,0.89,False,Matched invitation to join + named event 'study-group session' + date+time+location structure (sender: Ishaan).,"FYI: Please join the study-group session on 2026-09-18, 13:00 at Conference Room 2.",False
MSG_0509,2026-09-14 09:16:00,Aarav,general_information,0.76,False,Matched operating-hours statement (sender: Aarav).,FYI: The cafeteria closes at 8 PM.,False
MSG_0510,2026-09-14 09:53:00,Ananya,personal_information,0.77,False,Matched meeting-time preference (sender: Ananya).,I might prefer evening meetings now.,False
MSG_0511,2026-09-14 10:30:00,Tara,meeting_or_event,0.94,False,Matched reminder of an event + scheduled date phrase + named event 'doctor appointment' + date+time+location structure (sender: Tara).,For today: Reminder: doctor appointment happens on 2026-09-11 at 10:00 in the cafeteria.,False
MSG_0512,2026-09-14 11:07:00,Maya,action_required,0.89,False,Matched request verb 'send' + task noun 'revised presentation' + request 'can you' + date bound 'before 2026-09-05' (sender: Maya).,Please note: Can you send the revised presentation before 2026-09-05?,False
MSG_0513,2026-09-14 11:44:00,Rohan,action_required,0.86,False,Matched request verb 'Prepare' + task noun 'demo video' + due-date phrase 'due on' (sender: Rohan).,Can you help? Prepare the demo video is due on 2026-09-03.,False
MSG_0514,2026-09-14 12:21:00,Meera,personal_information,0.9,False,Matched personal note + emergency-contact statement (sender: Meera).,One more thing: Personal note: my emergency contact is my brother.,False
MSG_0515,2026-09-14 12:58:00,Vikram,action_required,0.9,False,Matched request verb 'renew' + task noun 'library book' + request 'need you to' + date bound 'by 2026-09-06' (sender: Vikram).,FYI: I need you to renew the library book by 2026-09-06.,False
MSG_0516,2026-09-14 13:35:00,Tara,general_information,0.82,False,Matched availability statement + version statement (sender: Tara).,Please note: The new Python version is available.,False
MSG_0517,2026-09-14 14:12:00,Neha,action_required,0.9,False,Matched request verb 'verify' + task noun 'dataset labels' + request 'need you to' + date bound 'by 2026-09-04' (sender: Neha).,Can you help? I need you to verify the dataset labels by 2026-09-04.,False
MSG_0518,2026-09-14 14:49:00,Rohan,personal_information,0.8,False,Matched food preference (sender: Rohan).,"Important: Just so you know, i drink coffee without sugar.",False
MSG_0519,2026-09-14 15:26:00,Neha,meeting_or_event,0.91,False,Matched availability request for a slot + named event 'college seminar' + date+time+location structure (sender: Neha).,Are you available for the college seminar at 12:00 on 2026-09-05? Location: the main office.,False
MSG_0520,2026-09-14 16:03:00,Rohan,general_information,0.74,False,Matched reorganisation notice (sender: Rohan).,Please note: The project folder was reorganized.,False
MSG_0521,2026-09-14 16:40:00,Ishaan,promotional,0.75,False,Matched plan upsell wording (sender: Ishaan).,Important: You may like our new student plan.,False
MSG_0522,2026-09-14 17:17:00,Aarav,personal_information,0.85,False,Matched meeting-time preference + communication preference (sender: Aarav).,"Please note: Just so you know, i prefer morning meetings.",False
MSG_0523,2026-09-14 17:54:00,Rohan,general_information,0.68,False,Matched possibility statement (sender: Rohan).,FYI: The report may be needed tomorrow.,False
MSG_0524,2026-09-14 18:31:00,Vikram,action_required,0.71,True,Matched request verb 'review' + conditional 'if possible' (sender: Vikram). Low-confidence match.,"Just checking-If possible, review the file before the meeting.",False
MSG_0525,2026-09-14 19:08:00,Rohan,general_information,0.68,False,Matched possibility statement (sender: Rohan).,Please note: The report may be needed tomorrow.,False
MSG_0526,2026-09-14 19:45:00,Maya,meeting_or_event,0.75,True,Matched tentative meeting proposal (sender: Maya). Low-confidence match.,Just checking-Let us meet sometime next week.,False
MSG_0527,2026-09-14 20:22:00,Aarav,action_required,0.88,False,Matched request verb 'confirm' + task noun 'interview slot' + polite request 'please' + date bound 'by 2026-09-10' (sender: Aarav).,Can you help? Please confirm the interview slot by 2026-09-10.,False
MSG_0528,2026-09-14 20:59:00,Rohan,general_information,0.76,False,Matched holiday notice (sender: Rohan).,For today: Tomorrow is a public holiday.,False
MSG_0529,2026-09-14 21:36:00,Promotions,promotional,0.92,False,Matched sender is the promotions account + promo code 'SAVE..' + free delivery (sender: Promotions).,Please note: Free delivery on orders above 499 rupees. Use code SAVE28.,False
MSG_0530,2026-09-14 22:13:00,Aarav,action_required,0.88,False,Matched request verb 'submit' + task noun 'weekly report' + polite request 'please' + date bound 'by 2026-09-08' (sender: Aarav).,For today: Please submit the weekly report by 2026-09-08.,False
MSG_0531,2026-09-14 22:50:00,Meera,action_required,0.86,False,Matched request verb 'Send' + task noun 'expense receipt' + due-date phrase 'due on' (sender: Meera).,One more thing: Send the expense receipt is due on 2026-09-10.,False
MSG_0532,2026-09-14 23:27:00,Aarav,sensitive_information,0.95,False,Matched sensitive value present (sender: Aarav).,For today: My home address is ******.,False
MSG_0533,2026-09-15 00:04:00,Neha,general_information,0.52,True,No specific classification signal matched; the message reads as an informational statement.,One more thing: I will send the login details separately.,False
MSG_0534,2026-09-15 00:41:00,Promotions,promotional,0.92,False,Matched sender is the promotions account + promo code 'SAVE..' + free delivery (sender: Promotions).,Important: Free delivery on orders above 499 rupees. Use code SAVE38.,False
MSG_0535,2026-09-15 01:18:00,Aarav,sensitive_information,0.95,False,Matched sensitive value present (sender: Aarav).,Please note: My home address is ******.,False
MSG_0536,2026-09-15 01:55:00,Tara,action_required,0.9,False,Matched request verb 'pay' + task noun 'electricity bill' + imperative 'don't forget' + explicit 'deadline' (sender: Tara).,Just checking-Don't forget to pay the electricity bill; deadline is 2026-09-03.,False
MSG_0537,2026-09-15 02:32:00,Neha,action_required,0.9,False,Matched request verb 'review' + task noun 'model results' + request 'need you to' + date bound 'by 2026-09-04' (sender: Neha).,"Hi, I need you to review the model results by 2026-09-04.",False
MSG_0538,2026-09-15 03:09:00,Rohan,general_information,0.74,False,Matched reorganisation notice (sender: Rohan).,One more thing: The project folder was reorganized.,False
MSG_0539,2026-09-15 03:46:00,Aarav,sensitive_information,0.95,False,Matched sensitive value present (sender: Aarav).,FYI: My home address is ******.,False
MSG_0540,2026-09-15 04:23:00,Kabir,personal_information,0.8,False,Matched clothing size (sender: Kabir).,"For today: Just so you know, my T-shirt size is medium.",False
MSG_0541,2026-09-15 05:00:00,Promotions,promotional,0.92,False,Matched sender is the promotions account + promo code 'SAVE..' + percentage discount (sender: Promotions).,Just checking-Get 25% off selected headphones this weekend. Use code SAVE20.,False
MSG_0542,2026-09-15 05:37:00,Ananya,personal_information,0.9,False,Matched personal note + living-near statement (sender: Ananya).,Personal note: i live near the central library.,False
MSG_0543,2026-09-15 06:14:00,Vikram,general_information,0.71,False,Matched update statement (sender: Vikram).,Important: The report template has been updated.,False
MSG_0544,2026-09-15 06:51:00,Aarav,personal_information,0.85,False,Matched meeting-time preference + communication preference (sender: Aarav).,"Just checking-Just so you know, i prefer morning meetings.",False
MSG_0545,2026-09-15 07:28:00,Project Lead,general_information,0.76,False,Matched maintenance notice (sender: Project Lead).,Important: The office Wi-Fi will be under maintenance tonight.,False
MSG_0546,2026-09-15 08:05:00,Rohan,action_required,0.86,False,Matched request verb 'Complete' + task noun 'onboarding form' + due-date phrase 'due on' (sender: Rohan).,"Hi, Complete the onboarding form is due on 2026-09-03.",False
MSG_0547,2026-09-15 08:42:00,Aarav,action_required,0.88,False,Matched request verb 'submit' + task noun 'weekly report' + polite request 'please' + date bound 'by 2026-09-10' (sender: Aarav).,"Hi, Please submit the weekly report by 2026-09-10.",False
MSG_0548,2026-09-15 09:19:00,Promotions,promotional,0.92,False,Matched sender is the promotions account + promo code 'SAVE..' + coupon expiry (sender: Promotions).,One more thing: Your food-delivery coupon expires tonight. Use code SAVE22.,False
MSG_0549,2026-09-15 09:56:00,Ishaan,meeting_or_event,0.89,False,Matched invitation to join + named event 'study-group session' + date+time+location structure (sender: Ishaan).,"Just checking-Please join the study-group session on 2026-09-08, 15:00 at Conference Room 2.",False
MSG_0550,2026-09-15 10:33:00,Maya,sensitive_information,0.95,False,Matched sensitive value present (sender: Maya).,One more thing: You can contact me on **************.,False
MSG_0551,2026-09-15 11:10:00,Rohan,action_required,0.86,False,Matched request verb 'Complete' + task noun 'onboarding form' + due-date phrase 'due on' (sender: Rohan).,Just checking-Complete the onboarding form is due on 2026-09-05.,False
MSG_0552,2026-09-15 11:47:00,Aarav,action_required,0.88,False,Matched request verb 'submit' + task noun 'weekly report' + polite request 'please' + date bound 'by 2026-09-02' (sender: Aarav).,Please submit the weekly report by 2026-09-02.,False
MSG_0553,2026-09-15 12:24:00,Vikram,action_required,0.9,False,Matched request verb 'renew' + task noun 'library book' + request 'need you to' + date bound 'by 2026-09-03' (sender: Vikram).,Please note: I need you to renew the library book by 2026-09-03.,False
MSG_0554,2026-09-15 13:01:00,Kabir,action_required,0.9,False,Matched request verb 'upload' + task noun 'assignment' + imperative 'don't forget' + explicit 'deadline' (sender: Kabir).,FYI: Don't forget to upload the assignment; deadline is 2026-09-02.,False
MSG_0555,2026-09-15 13:38:00,Project Lead,general_information,0.73,False,Matched status statement (sender: Project Lead).,For today: The laptop battery is fully charged.,False
MSG_0556,2026-09-15 14:15:00,Meera,action_required,0.86,False,Matched request verb 'Share' + task noun 'meeting notes' + due-date phrase 'due on' (sender: Meera).,"Hi, Share the meeting notes is due on 2026-09-08.",False
MSG_0557,2026-09-15 14:52:00,Aarav,action_required,0.88,False,Matched request verb 'confirm' + task noun 'interview slot' + polite request 'please' + date bound 'by 2026-09-02' (sender: Aarav).,"Hi, Please confirm the interview slot by 2026-09-02.",False
MSG_0558,2026-09-15 15:29:00,Meera,general_information,0.76,False,Matched hours-change statement (sender: Meera).,The library has extended weekend hours.,False
MSG_0559,2026-09-15 16:06:00,Vikram,action_required,0.71,True,Matched request verb 'review' + conditional 'if possible' (sender: Vikram). Low-confidence match.,"Please note: If possible, review the file before the meeting.",False
MSG_0560,2026-09-15 16:43:00,Rohan,personal_information,0.8,False,Matched food preference (sender: Rohan).,"Just so you know, i drink coffee without sugar.",False
MSG_0561,2026-09-15 17:20:00,Rohan,action_required,0.86,False,Matched request verb 'Prepare' + task noun 'demo video' + due-date phrase 'due on' (sender: Rohan).,"Hi, Prepare the demo video is due on 2026-09-04.",False
MSG_0562,2026-09-15 17:57:00,Tara,general_information,0.76,False,Matched operating-hours statement (sender: Tara).,FYI: The event registration desk opens at 9 AM.,False
MSG_0563,2026-09-15 18:34:00,Meera,general_information,0.76,False,Matched service-interval statement (sender: Meera).,FYI: The shuttle leaves every thirty minutes.,False
MSG_0564,2026-09-15 19:11:00,HR Team,general_information,0.74,False,Matched hours-change statement 2 (sender: HR Team).,Quick update: The support team changed its working hours.,False
MSG_0565,2026-09-15 19:48:00,Vikram,meeting_or_event,0.89,False,Matched availability request for a slot + named event 'design review' + date+time+location structure (sender: Vikram).,Are you available for the design review at 9:00 on 2026-09-10? Location: the training hall.,False
MSG_0566,2026-09-15 20:25:00,Meera,action_required,0.86,False,Matched request verb 'Share' + task noun 'meeting notes' + due-date phrase 'due on' (sender: Meera).,Just checking-Share the meeting notes is due on 2026-09-10.,False
MSG_0567,2026-09-15 21:02:00,Promotions,promotional,0.93,False,Matched sender is the promotions account + promo code 'SAVE..' + plan upsell wording (sender: Promotions).,One more thing: Join our premium plan for exclusive benefits. Use code SAVE29.,False
MSG_0568,2026-09-15 21:39:00,Tara,general_information,0.8,False,Matched portal statement + supply statement (sender: Tara).,The training material is on the portal.,False
MSG_0569,2026-09-15 22:16:00,Ishaan,action_required,0.89,False,Matched request verb 'review' + task noun 'privacy checklist' + request 'can you' + date bound 'before 2026-09-05' (sender: Ishaan).,FYI: Can you review the privacy checklist before 2026-09-05?,False
MSG_0570,2026-09-15 22:53:00,Neha,general_information,0.52,True,No specific classification signal matched; the message reads as an informational statement.,"Hi, I will send the login details separately.",False
MSG_0571,2026-09-15 23:30:00,Rohan,general_information,0.71,False,Matched update statement (sender: Rohan).,The report template has been updated.,False
MSG_0572,2026-09-16 00:07:00,Vikram,sensitive_information,0.95,False,Matched sensitive value present (sender: Vikram).,Can you help? The temporary access token is ******.,False
MSG_0573,2026-09-16 00:44:00,Promotions,promotional,0.92,False,Matched sender is the promotions account + promo code 'SAVE..' + free delivery (sender: Promotions).,FYI: Free delivery on orders above 499 rupees. Use code SAVE48.,False
MSG_0574,2026-09-16 01:21:00,Ishaan,action_required,0.89,False,Matched request verb 'finish' + task noun 'test cases' + request 'can you' + date bound 'before 2026-09-03' (sender: Ishaan).,Quick update: Can you finish the test cases before 2026-09-03?,False
MSG_0575,2026-09-16 01:58:00,Ananya,general_information,0.76,False,Matched holiday notice (sender: Ananya).,Tomorrow is a public holiday.,False
MSG_0576,2026-09-16 02:35:00,Tara,sensitive_information,0.95,False,Matched sensitive value present (sender: Tara).,Important: My identification number is ******.,False
MSG_0577,2026-09-16 03:12:00,Ananya,action_required,0.87,False,Matched request verb 'complete' + polite request 'please' + date bound 'by 2026-09-10' (sender: Ananya).,Please note: Please complete the Python exercise by 2026-09-10.,False
MSG_0578,2026-09-16 03:49:00,Ishaan,action_required,0.89,False,Matched request verb 'review' + task noun 'privacy checklist' + request 'can you' + date bound 'before 2026-09-09' (sender: Ishaan).,One more thing: Can you review the privacy checklist before 2026-09-09?,False
MSG_0579,2026-09-16 04:26:00,Vikram,meeting_or_event,0.91,False,Matched availability request for a slot + named event 'technical interview' + date+time+location structure (sender: Vikram).,Just checking-Are you available for the technical interview at 9:00 on 2026-09-10? Location: the training hall.,False
MSG_0580,2026-09-16 05:03:00,Vikram,action_required,0.71,True,Matched request verb 'review' + conditional 'if possible' (sender: Vikram). Low-confidence match.,"Important: If possible, review the file before the meeting.",False
MSG_0581,2026-09-16 05:40:00,Rohan,sensitive_information,0.95,False,Matched sensitive value present (sender: Rohan).,My recent test result says ******.,False
MSG_0582,2026-09-16 06:17:00,HR Team,general_information,0.76,False,Matched weather statement (sender: HR Team).,Please note: The weather forecast says light rain.,False
MSG_0583,2026-09-16 06:54:00,Promotions,promotional,0.92,False,Matched sender is the promotions account + promo code 'SAVE..' + percentage discount (sender: Promotions).,Please note: Get 25% off selected headphones this weekend. Use code SAVE20.,False
MSG_0584,2026-09-16 07:31:00,Meera,meeting_or_event,0.93,False,Matched calendar entry + named event 'team stand-up' + date+time+location structure (sender: Meera).,"One more thing: Calendar update: team stand-up, 2026-09-19 at 10:00, the library.",False
MSG_0585,2026-09-16 08:08:00,Rohan,action_required,0.86,False,Matched request verb 'Complete' + task noun 'onboarding form' + due-date phrase 'due on' (sender: Rohan).,Complete the onboarding form is due on 2026-09-04.,False
MSG_0586,2026-09-16 08:45:00,Promotions,promotional,0.92,False,Matched sender is the promotions account + promo code 'SAVE..' + cashback (sender: Promotions).,FYI: Book movie tickets today and receive cashback. Use code SAVE46.,False
MSG_0587,2026-09-16 09:22:00,Neha,general_information,0.82,False,Matched availability statement + version statement (sender: Neha).,FYI: The new Python version is available.,False
MSG_0588,2026-09-16 09:59:00,Ananya,meeting_or_event,0.92,False,Matched explicit schedule + named event 'client discussion' + date+time+location structure (sender: Ananya).,"Hi, The client discussion is scheduled for 2026-09-07 at 10:00 in Zoom.",False
MSG_0589,2026-09-16 10:36:00,Vikram,general_information,0.76,False,Matched weather statement (sender: Vikram).,Can you help? The weather forecast says light rain.,False
MSG_0590,2026-09-16 11:13:00,Meera,meeting_or_event,0.93,False,Matched calendar entry + named event 'placement briefing' + date+time+location structure (sender: Meera).,"Calendar update: placement briefing, 2026-09-09 at 16:00, the library.",False
MSG_0591,2026-09-16 11:50:00,Vikram,sensitive_information,0.95,False,Matched sensitive value present (sender: Vikram).,"Hi, The temporary access token is ******.",False
MSG_0592,2026-09-16 12:27:00,Tara,meeting_or_event,0.94,False,Matched reminder of an event + scheduled date phrase + named event 'doctor appointment' + date+time+location structure (sender: Tara).,One more thing: Reminder: doctor appointment happens on 2026-09-21 at 12:00 in the cafeteria.,False
MSG_0593,2026-09-16 13:04:00,Meera,general_information,0.76,False,Matched maintenance notice (sender: Meera).,Just checking-The office Wi-Fi will be under maintenance tonight.,False
MSG_0594,2026-09-16 13:41:00,Promotions,promotional,0.92,False,Matched sender is the promotions account + promo code 'SAVE..' + cashback (sender: Promotions).,Please note: Book movie tickets today and receive cashback. Use code SAVE26.,False
MSG_0595,2026-09-16 14:18:00,Ananya,sensitive_information,0.95,False,Matched sensitive value present (sender: Ananya).,Can you help? Your OTP is *********. It expires in 10 minutes.,False
MSG_0596,2026-09-16 14:55:00,Ananya,sensitive_information,0.95,False,Matched sensitive value present (sender: Ananya).,For today: Your OTP is *********. It expires in 10 minutes.,False
MSG_0597,2026-09-16 15:32:00,Tara,general_information,0.74,False,Matched relocation notice (sender: Tara).,Quick update: The building entrance has moved temporarily.,False
MSG_0598,2026-09-16 16:09:00,Rohan,general_information,0.74,False,Matched hours-change statement 2 (sender: Rohan).,For today: The support team changed its working hours.,False
MSG_0599,2026-09-16 16:46:00,Promotions,promotional,0.92,False,Matched sender is the promotions account + promo code 'SAVE..' + cashback (sender: Promotions).,One more thing: Book movie tickets today and receive cashback. Use code SAVE26.,False
MSG_0600,2026-09-16 17:23:00,Neha,meeting_or_event,0.91,False,Matched availability request for a slot + named event 'college seminar' + date+time+location structure (sender: Neha).,Can you help? Are you available for the college seminar at 12:00 on 2026-09-05? Location: the main office.,False
MSG_0601,2026-09-16 18:00:00,Tara,meeting_or_event,0.94,False,Matched reminder of an event + scheduled date phrase + named event 'doctor appointment' + date+time+location structure (sender: Tara).,Please note: Reminder: doctor appointment happens on 2026-09-21 at 12:00 in the cafeteria.,False
MSG_0602,2026-09-16 18:37:00,Ishaan,action_required,0.89,False,Matched request verb 'finish' + task noun 'test cases' + request 'can you' + date bound 'before 2026-09-05' (sender: Ishaan).,For today: Can you finish the test cases before 2026-09-05?,False
MSG_0603,2026-09-16 19:14:00,Meera,meeting_or_event,0.93,False,Matched calendar entry + named event 'family dinner' + date+time+location structure (sender: Meera).,"Please note: Calendar update: family dinner, 2026-09-09 at 12:00, the library.",False
MSG_0604,2026-09-16 19:51:00,Ananya,sensitive_information,0.95,False,Matched sensitive value present (sender: Ananya).,FYI: Your OTP is *********. It expires in 10 minutes.,False
MSG_0605,2026-09-16 20:28:00,Kabir,action_required,0.9,False,Matched request verb 'email' + task noun 'signed document' + imperative 'don't forget' + explicit 'deadline' (sender: Kabir).,Just checking-Don't forget to email the signed document; deadline is 2026-09-08.,False
MSG_0606,2026-09-16 21:05:00,Ananya,meeting_or_event,0.92,False,Matched explicit schedule + named event 'product demo' + date+time+location structure (sender: Ananya).,Just checking-The product demo is scheduled for 2026-09-07 at 14:00 in Zoom.,False
MSG_0607,2026-09-16 21:42:00,Neha,action_required,0.9,False,Matched request verb 'verify' + task noun 'dataset labels' + request 'need you to' + date bound 'by 2026-09-06' (sender: Neha).,I need you to verify the dataset labels by 2026-09-06.,False
MSG_0608,2026-09-16 22:19:00,Promotions,promotional,0.92,False,Matched sender is the promotions account + promo code 'SAVE..' + sale or offer wording (sender: Promotions).,Just checking-Flash sale on laptops starts at 6 PM. Use code SAVE23.,False
MSG_0609,2026-09-16 22:56:00,Maya,general_information,0.76,False,Matched availability statement (sender: Maya).,FYI: The webinar recording is now available.,False
MSG_0610,2026-09-16 23:33:00,Meera,sensitive_information,0.95,False,Matched sensitive value present (sender: Meera).,Just checking-My card number is **********************.,False
MSG_0611,2026-09-17 00:10:00,Neha,personal_information,0.9,False,Matched profile statement + habit statement (sender: Neha).,"For my profile, i usually study after dinner.",False
MSG_0612,2026-09-17 00:47:00,Neha,action_required,0.9,False,Matched request verb 'verify' + task noun 'dataset labels' + request 'need you to' + date bound 'by 2026-09-08' (sender: Neha).,Please note: I need you to verify the dataset labels by 2026-09-08.,False
MSG_0613,2026-09-17 01:24:00,Meera,personal_information,0.9,False,Matched personal note + emergency-contact statement (sender: Meera).,Please note: Personal note: my emergency contact is my brother.,False
MSG_0614,2026-09-17 02:01:00,Tara,action_required,0.9,False,Matched request verb 'pay' + task noun 'electricity bill' + imperative 'don't forget' + explicit 'deadline' (sender: Tara).,Don't forget to pay the electricity bill; deadline is 2026-09-02.,False
MSG_0615,2026-09-17 02:38:00,Vikram,action_required,0.89,False,Matched request verb 'back up' + request 'need you to' + date bound 'by 2026-09-03' (sender: Vikram).,Just checking-I need you to back up the project files by 2026-09-03.,False
MSG_0616,2026-09-17 03:15:00,Neha,meeting_or_event,0.89,False,Matched availability request for a slot + named event 'design review' + date+time+location structure (sender: Neha).,FYI: Are you available for the design review at 10:00 on 2026-09-15? Location: the main office.,False
MSG_0617,2026-09-17 03:52:00,Aarav,action_required,0.88,False,Matched request verb 'confirm' + task noun 'interview slot' + polite request 'please' + date bound 'by 2026-09-04' (sender: Aarav).,Just checking-Please confirm the interview slot by 2026-09-04.,False
MSG_0618,2026-09-17 04:29:00,Ishaan,action_required,0.89,False,Matched request verb 'finish' + task noun 'test cases' + request 'can you' + date bound 'before 2026-09-10' (sender: Ishaan).,Please note: Can you finish the test cases before 2026-09-10?,False
MSG_0619,2026-09-17 05:06:00,Ananya,meeting_or_event,0.92,False,Matched explicit schedule + named event 'product demo' + date+time+location structure (sender: Ananya).,Please note: The product demo is scheduled for 2026-09-07 at 10:00 in Zoom.,False
MSG_0620,2026-09-17 05:43:00,Tara,action_required,0.9,False,Matched request verb 'pay' + task noun 'electricity bill' + imperative 'don't forget' + explicit 'deadline' (sender: Tara).,For today: Don't forget to pay the electricity bill; deadline is 2026-09-08.,False
MSG_0621,2026-09-17 06:20:00,Ishaan,action_required,0.89,False,Matched request verb 'review' + task noun 'privacy checklist' + request 'can you' + date bound 'before 2026-09-07' (sender: Ishaan).,Can you help? Can you review the privacy checklist before 2026-09-07?,False
MSG_0622,2026-09-17 06:57:00,Maya,action_required,0.86,False,Matched task noun 'project tracker' + request 'can you' + date bound 'before 2026-09-09' (sender: Maya).,FYI: Can you update the project tracker before 2026-09-09?,False
MSG_0623,2026-09-17 07:34:00,Maya,meeting_or_event,0.89,False,Matched invitation to join + named event 'study-group session' + date+time+location structure (sender: Maya).,"Can you help? Please join the study-group session on 2026-09-13, 12:00 at Google Meet.",False
MSG_0624,2026-09-17 08:11:00,Rohan,action_required,0.86,False,Matched request verb 'Complete' + task noun 'onboarding form' + due-date phrase 'due on' (sender: Rohan).,Please note: Complete the onboarding form is due on 2026-09-06.,False
MSG_0625,2026-09-17 08:48:00,Vikram,general_information,0.76,False,Matched holiday notice (sender: Vikram).,Please note: Tomorrow is a public holiday.,False
MSG_0626,2026-09-17 09:25:00,Ishaan,personal_information,0.72,False,Matched communication preference (sender: Ishaan).,"Just so you know, i prefer receiving updates by email.",False
MSG_0627,2026-09-17 10:02:00,Promotions,promotional,0.92,False,Matched sender is the promotions account + promo code 'SAVE..' + reward points (sender: Promotions).,One more thing: Earn reward points on your next purchase. Use code SAVE25.,False
MSG_0628,2026-09-17 10:39:00,Ishaan,meeting_or_event,0.89,False,Matched invitation to join + named event 'AI workshop' + date+time+location structure (sender: Ishaan).,"Can you help? Please join the AI workshop on 2026-09-08, 15:00 at Conference Room 2.",False
MSG_0629,2026-09-17 11:16:00,Ananya,personal_information,0.77,False,Matched meeting-time preference (sender: Ananya).,Can you help? I might prefer evening meetings now.,False
MSG_0630,2026-09-17 11:53:00,Neha,meeting_or_event,0.91,False,Matched availability request for a slot + named event 'technical interview' + date+time+location structure (sender: Neha).,Can you help? Are you available for the technical interview at 14:00 on 2026-09-15? Location: the main office.,False
MSG_0631,2026-09-17 12:30:00,Meera,meeting_or_event,0.93,False,Matched calendar entry + named event 'team stand-up' + date+time+location structure (sender: Meera).,"FYI: Calendar update: team stand-up, 2026-09-09 at 12:00, the library.",False
MSG_0632,2026-09-17 13:07:00,Neha,personal_information,0.9,False,Matched profile statement + habit statement (sender: Neha).,"Quick update: For my profile, i usually study after dinner.",False
MSG_0633,2026-09-17 13:44:00,Kabir,action_required,0.9,False,Matched request verb 'upload' + task noun 'assignment' + imperative 'don't forget' + explicit 'deadline' (sender: Kabir).,One more thing: Don't forget to upload the assignment; deadline is 2026-09-06.,False
MSG_0634,2026-09-17 14:21:00,Kabir,action_required,0.75,True,Matched request verb 'call' + polite request 'please' (sender: Kabir). Low-confidence match.,Important: Please call Maya when you are free.,False
MSG_0635,2026-09-17 14:58:00,Meera,meeting_or_event,0.53,True,Matched tentative review slot (sender: Meera). Low-confidence match.,"Hi, The review could be Friday afternoon.",False
MSG_0636,2026-09-17 15:35:00,Maya,sensitive_information,0.95,False,Matched sensitive value present (sender: Maya).,Important: You can contact me on **************.,False
MSG_0637,2026-09-17 16:12:00,Kabir,meeting_or_event,0.94,False,Matched reminder of an event + scheduled date phrase + named event 'doctor appointment' + date+time+location structure (sender: Kabir).,Reminder: doctor appointment happens on 2026-09-06 at 13:00 in the city clinic.,False
MSG_0638,2026-09-17 16:49:00,Vikram,action_required,0.9,False,Matched request verb 'renew' + task noun 'library book' + request 'need you to' + date bound 'by 2026-09-09' (sender: Vikram).,"Hi, I need you to renew the library book by 2026-09-09.",False
MSG_0639,2026-09-17 17:26:00,Aarav,action_required,0.88,False,Matched request verb 'submit' + task noun 'weekly report' + polite request 'please' + date bound 'by 2026-09-09' (sender: Aarav).,Can you help? Please submit the weekly report by 2026-09-09.,False
MSG_0640,2026-09-17 18:03:00,Kabir,action_required,0.9,False,Matched request verb 'upload' + task noun 'assignment' + imperative 'don't forget' + explicit 'deadline' (sender: Kabir).,Can you help? Don't forget to upload the assignment; deadline is 2026-09-04.,False
MSG_0641,2026-09-17 18:40:00,Maya,sensitive_information,0.95,False,Matched sensitive value present (sender: Maya).,Just checking-You can contact me on **************.,False
MSG_0642,2026-09-17 19:17:00,Neha,sensitive_information,0.94,False,Matched sensitive value present (sender: Neha).,Important: Please note my bank account number ***************.,False
MSG_0643,2026-09-17 19:54:00,Kabir,meeting_or_event,0.94,False,Matched reminder of an event + scheduled date phrase + named event 'sprint planning' + date+time+location structure (sender: Kabir).,Can you help? Reminder: sprint planning happens on 2026-09-16 at 15:00 in the city clinic.,False
MSG_0644,2026-09-17 20:31:00,Aarav,general_information,0.8,False,Matched portal statement + supply statement (sender: Aarav).,Just checking-The training material is on the portal.,False
MSG_0645,2026-09-17 21:08:00,Kabir,meeting_or_event,0.94,False,Matched reminder of an event + scheduled date phrase + named event 'sprint planning' + date+time+location structure (sender: Kabir).,Quick update: Reminder: sprint planning happens on 2026-09-06 at 13:00 in the city clinic.,False
MSG_0646,2026-09-17 21:45:00,Rohan,meeting_or_event,0.93,False,Matched calendar entry + named event 'family dinner' + date+time+location structure (sender: Rohan).,"Calendar update: family dinner, 2026-09-14 at 13:00, the college auditorium.",False
MSG_0647,2026-09-17 22:22:00,Promotions,promotional,0.94,False,Matched sender is the promotions account + promo code 'SAVE..' + sale or offer wording + buy-one-get-one (sender: Promotions).,Important: Limited-time offer: buy one course and get one free. Use code SAVE31.,False
MSG_0648,2026-09-17 22:59:00,Neha,personal_information,0.89,False,Matched personal note + habit statement (sender: Neha).,Please note: Personal note: i usually study after dinner.,False
MSG_0649,2026-09-17 23:36:00,Meera,sensitive_information,0.95,False,Matched sensitive value present (sender: Meera).,Can you help? My card number is **********************.,False
MSG_0650,2026-09-18 00:13:00,Promotions,promotional,0.92,False,Matched sender is the promotions account + promo code 'SAVE..' + coupon expiry (sender: Promotions).,FYI: Your food-delivery coupon expires tonight. Use code SAVE42.,False
MSG_0651,2026-09-18 00:50:00,Maya,sensitive_information,0.95,False,Matched sensitive value present (sender: Maya).,For today: You can contact me on **************.,False
MSG_0652,2026-09-18 01:27:00,Meera,action_required,0.86,False,Matched request verb 'Share' + task noun 'meeting notes' + due-date phrase 'due on' (sender: Meera).,One more thing: Share the meeting notes is due on 2026-09-09.,False
MSG_0653,2026-09-18 02:04:00,Ishaan,action_required,0.89,False,Matched request verb 'review' + task noun 'privacy checklist' + request 'can you' + date bound 'before 2026-09-08' (sender: Ishaan).,"Hi, Can you review the privacy checklist before 2026-09-08?",False
MSG_0654,2026-09-18 02:41:00,Aarav,action_required,0.76,True,Matched request verb 'send' + request 'could you' (sender: Aarav). Low-confidence match.,Important: Could you send it soon?,False
MSG_0655,2026-09-18 03:18:00,Promotions,promotional,0.92,False,Matched sender is the promotions account + promo code 'SAVE..' + percentage discount (sender: Promotions).,One more thing: Get 25% off selected headphones this weekend. Use code SAVE20.,False
MSG_0656,2026-09-18 03:55:00,Maya,action_required,0.86,False,Matched task noun 'project tracker' + request 'can you' + date bound 'before 2026-09-05' (sender: Maya).,Just checking-Can you update the project tracker before 2026-09-05?,False
MSG_0657,2026-09-18 04:32:00,Vikram,action_required,0.89,False,Matched request verb 'back up' + request 'need you to' + date bound 'by 2026-09-05' (sender: Vikram).,Important: I need you to back up the project files by 2026-09-05.,False
MSG_0658,2026-09-18 05:09:00,Neha,action_required,0.9,False,Matched request verb 'verify' + task noun 'dataset labels' + request 'need you to' + date bound 'by 2026-09-05' (sender: Neha).,"Hi, I need you to verify the dataset labels by 2026-09-05.",False
MSG_0659,2026-09-18 05:46:00,Vikram,action_required,0.89,False,Matched request verb 'back up' + request 'need you to' + date bound 'by 2026-09-09' (sender: Vikram).,Can you help? I need you to back up the project files by 2026-09-09.,False
MSG_0660,2026-09-18 06:23:00,Maya,meeting_or_event,0.89,False,Matched invitation to join + named event 'internship orientation' + date+time+location structure (sender: Maya).,"Please join the internship orientation on 2026-09-03, 10:00 at Google Meet.",False
MSG_0661,2026-09-18 07:00:00,Promotions,promotional,0.92,False,Matched sender is the promotions account + promo code 'SAVE..' + free delivery (sender: Promotions).,One more thing: Free delivery on orders above 499 rupees. Use code SAVE28.,False
MSG_0662,2026-09-18 07:37:00,Maya,action_required,0.89,False,Matched request verb 'send' + task noun 'revised presentation' + request 'can you' + date bound 'before 2026-09-03' (sender: Maya).,One more thing: Can you send the revised presentation before 2026-09-03?,False
MSG_0663,2026-09-18 08:14:00,Promotions,promotional,0.93,False,Matched sender is the promotions account + promo code 'SAVE..' + sale or offer wording + festival wording (sender: Promotions).,Important: Special festival discount on clothing. Use code SAVE37.,False
MSG_0664,2026-09-18 08:51:00,Tara,meeting_or_event,0.94,False,Matched reminder of an event + scheduled date phrase + named event 'sprint planning' + date+time+location structure (sender: Tara).,One more thing: Reminder: sprint planning happens on 2026-09-11 at 14:00 in the cafeteria.,False
MSG_0665,2026-09-18 09:28:00,Promotions,promotional,0.93,False,Matched sender is the promotions account + promo code 'SAVE..' + sale or offer wording + festival wording (sender: Promotions).,One more thing: Special festival discount on clothing. Use code SAVE27.,False
MSG_0666,2026-09-18 10:05:00,Promotions,promotional,0.94,False,Matched sender is the promotions account + promo code 'SAVE..' + sale or offer wording + buy-one-get-one (sender: Promotions).,Please note: Limited-time offer: buy one course and get one free. Use code SAVE21.,False
MSG_0667,2026-09-18 10:42:00,Tara,action_required,0.9,False,Matched request verb 'pay' + task noun 'electricity bill' + imperative 'don't forget' + explicit 'deadline' (sender: Tara).,Important: Don't forget to pay the electricity bill; deadline is 2026-09-05.,False
MSG_0668,2026-09-18 11:19:00,Tara,meeting_or_event,0.94,False,Matched reminder of an event + scheduled date phrase + named event 'sprint planning' + date+time+location structure (sender: Tara).,For today: Reminder: sprint planning happens on 2026-09-21 at 12:00 in the cafeteria.,False
MSG_0669,2026-09-18 11:56:00,Project Lead,general_information,0.76,False,Matched availability statement (sender: Project Lead).,Quick update: The webinar recording is now available.,False
MSG_0670,2026-09-18 12:33:00,Kabir,action_required,0.9,False,Matched request verb 'upload' + task noun 'assignment' + imperative 'don't forget' + explicit 'deadline' (sender: Kabir).,Quick update: Don't forget to upload the assignment; deadline is 2026-09-10.,False
MSG_0671,2026-09-18 13:10:00,Tara,general_information,0.74,False,Matched relocation notice (sender: Tara).,Important: The building entrance has moved temporarily.,False
MSG_0672,2026-09-18 13:47:00,Ananya,general_information,0.76,False,Matched weather statement (sender: Ananya).,For today: The weather forecast says light rain.,False
MSG_0673,2026-09-18 14:24:00,Tara,meeting_or_event,0.94,False,Matched reminder of an event + scheduled date phrase + named event 'doctor appointment' + date+time+location structure (sender: Tara).,Just checking-Reminder: doctor appointment happens on 2026-09-21 at 16:00 in the cafeteria.,False
MSG_0674,2026-09-18 15:01:00,Aarav,meeting_or_event,0.9,False,Matched explicit schedule + named event 'project review' + date+time+location structure (sender: Aarav).,Quick update: The project review is scheduled for 2026-09-12 at 15:00 in Meeting Room A.,False
MSG_0675,2026-09-18 15:38:00,Maya,general_information,0.76,False,Matched availability statement (sender: Maya).,For today: The webinar recording is now available.,False
MSG_0676,2026-09-18 16:15:00,Promotions,promotional,0.93,False,Matched sender is the promotions account + promo code 'SAVE..' + plan upsell wording (sender: Promotions).,"Hi, Upgrade your subscription and save 30%. Use code SAVE14.",False
MSG_0677,2026-09-18 16:52:00,Tara,general_information,0.82,False,Matched availability statement + version statement (sender: Tara).,One more thing: The new Python version is available.,False
MSG_0678,2026-09-18 17:29:00,Kabir,sensitive_information,0.95,False,Matched sensitive value present (sender: Kabir).,For today: My account recovery code is ******.,False
MSG_0679,2026-09-18 18:06:00,Ishaan,general_information,0.8,False,Matched portal statement + supply statement (sender: Ishaan).,For today: The training material is on the portal.,False
MSG_0680,2026-09-18 18:43:00,Promotions,promotional,0.94,False,Matched sender is the promotions account + promo code 'SAVE..' + sale or offer wording + buy-one-get-one (sender: Promotions).,Just checking-Limited-time offer: buy one course and get one free. Use code SAVE21.,False
MSG_0681,2026-09-18 19:20:00,Meera,sensitive_information,0.95,False,Matched sensitive value present (sender: Meera).,Important: My card number is **********************.,False
MSG_0682,2026-09-18 19:57:00,Ishaan,general_information,0.74,False,Matched relocation notice (sender: Ishaan).,One more thing: The building entrance has moved temporarily.,False
MSG_0683,2026-09-18 20:34:00,Ishaan,meeting_or_event,0.89,False,Matched invitation to join + named event 'internship orientation' + date+time+location structure (sender: Ishaan).,"For today: Please join the internship orientation on 2026-09-08, 15:00 at Conference Room 2.",False
MSG_0684,2026-09-18 21:11:00,Meera,sensitive_information,0.95,False,Matched sensitive value present (sender: Meera).,For today: My card number is **********************.,False
MSG_0685,2026-09-18 21:48:00,Ananya,personal_information,0.77,False,Matched meeting-time preference (sender: Ananya).,For today: I might prefer evening meetings now.,False
MSG_0686,2026-09-18 22:25:00,Meera,personal_information,0.9,False,Matched personal note + emergency-contact statement (sender: Meera).,For today: Personal note: my emergency contact is my brother.,False
MSG_0687,2026-09-18 23:02:00,Vikram,sensitive_information,0.95,False,Matched sensitive value present (sender: Vikram).,Important: The temporary access token is ******.,False
MSG_0688,2026-09-18 23:39:00,Kabir,action_required,0.9,False,Matched request verb 'upload' + task noun 'assignment' + imperative 'don't forget' + explicit 'deadline' (sender: Kabir).,Don't forget to upload the assignment; deadline is 2026-09-06.,False
MSG_0689,2026-09-19 00:16:00,Kabir,general_information,0.76,False,Matched maintenance notice (sender: Kabir).,"Hi, The office Wi-Fi will be under maintenance tonight.",False
MSG_0690,2026-09-19 00:53:00,Rohan,action_required,0.86,False,Matched request verb 'Prepare' + task noun 'demo video' + due-date phrase 'due on' (sender: Rohan).,For today: Prepare the demo video is due on 2026-09-02.,False
MSG_0691,2026-09-19 01:30:00,Meera,general_information,0.76,False,Matched hours-change statement (sender: Meera).,Can you help? The library has extended weekend hours.,False
MSG_0692,2026-09-19 02:07:00,Neha,general_information,0.52,True,No specific classification signal matched; the message reads as an informational statement.,Important: I will send the login details separately.,False
MSG_0693,2026-09-19 02:44:00,Aarav,meeting_or_event,0.9,False,Matched explicit schedule + named event 'project review' + date+time+location structure (sender: Aarav).,"Hi, The project review is scheduled for 2026-09-02 at 13:00 in Meeting Room A.",False
MSG_0694,2026-09-19 03:21:00,Ananya,action_required,0.87,False,Matched request verb 'complete' + polite request 'please' + date bound 'by 2026-09-02' (sender: Ananya).,Important: Please complete the Python exercise by 2026-09-02.,False
MSG_0695,2026-09-19 03:58:00,Maya,sensitive_information,0.95,False,Matched sensitive value present (sender: Maya).,FYI: You can contact me on **************.,False
MSG_0696,2026-09-19 04:35:00,Rohan,general_information,0.68,False,Matched possibility statement (sender: Rohan).,One more thing: The report may be needed tomorrow.,False
MSG_0697,2026-09-19 05:12:00,Meera,meeting_or_event,0.93,False,Matched calendar entry + named event 'family dinner' + date+time+location structure (sender: Meera).,"One more thing: Calendar update: family dinner, 2026-09-09 at 12:00, the library.",False
MSG_0698,2026-09-19 05:49:00,Aarav,general_information,0.74,False,Matched relocation notice (sender: Aarav).,FYI: The building entrance has moved temporarily.,False
MSG_0699,2026-09-19 06:26:00,Promotions,promotional,0.92,False,Matched sender is the promotions account + promo code 'SAVE..' + coupon expiry (sender: Promotions).,Can you help? Your food-delivery coupon expires tonight. Use code SAVE12.,False
MSG_0700,2026-09-19 07:03:00,Project Lead,general_information,0.76,False,Matched service-interval statement (sender: Project Lead).,Can you help? The shuttle leaves every thirty minutes.,False
MSG_0701,2026-09-19 07:40:00,Maya,general_information,0.76,False,Matched service-interval statement (sender: Maya).,One more thing: The shuttle leaves every thirty minutes.,False
MSG_0702,2026-09-19 08:17:00,Promotions,promotional,0.92,False,Matched sender is the promotions account + promo code 'SAVE..' + free delivery (sender: Promotions).,Just checking-Free delivery on orders above 499 rupees. Use code SAVE28.,False
MSG_0703,2026-09-19 08:54:00,Ishaan,personal_information,0.72,False,Matched communication preference (sender: Ishaan).,"Quick update: Just so you know, i prefer receiving updates by email.",False
MSG_0704,2026-09-19 09:31:00,Ananya,general_information,0.74,False,Matched reorganisation notice (sender: Ananya).,Important: The project folder was reorganized.,False
MSG_0705,2026-09-19 10:08:00,Project Lead,general_information,0.76,False,Matched hours-change statement (sender: Project Lead).,One more thing: The library has extended weekend hours.,False
MSG_0706,2026-09-19 10:45:00,Maya,meeting_or_event,0.89,False,Matched invitation to join + named event 'study-group session' + date+time+location structure (sender: Maya).,"Quick update: Please join the study-group session on 2026-09-03, 10:00 at Google Meet.",False
MSG_0707,2026-09-19 11:22:00,Aarav,meeting_or_event,0.92,False,Matched explicit schedule + named event 'product demo' + date+time+location structure (sender: Aarav).,Important: The product demo is scheduled for 2026-09-02 at 13:00 in Meeting Room A.,False
MSG_0708,2026-09-19 11:59:00,Maya,action_required,0.86,False,Matched task noun 'project tracker' + request 'can you' + date bound 'before 2026-09-02' (sender: Maya).,Can you help? Can you update the project tracker before 2026-09-02?,False
MSG_0709,2026-09-19 12:36:00,HR Team,general_information,0.74,False,Matched reorganisation notice (sender: HR Team).,"Hi, The project folder was reorganized.",False
MSG_0710,2026-09-19 13:13:00,Ishaan,general_information,0.82,False,Matched availability statement + version statement (sender: Ishaan).,"Hi, The new Python version is available.",False
MSG_0711,2026-09-19 13:50:00,Kabir,meeting_or_event,0.94,False,Matched reminder of an event + scheduled date phrase + named event 'doctor appointment' + date+time+location structure (sender: Kabir).,Can you help? Reminder: doctor appointment happens on 2026-09-06 at 13:00 in the city clinic.,False
MSG_0712,2026-09-19 14:27:00,Promotions,promotional,0.93,False,Matched sender is the promotions account + promo code 'SAVE..' + sale or offer wording + festival wording (sender: Promotions).,For today: Special festival discount on clothing. Use code SAVE47.,False
MSG_0713,2026-09-19 15:04:00,Ananya,personal_information,0.77,False,Matched meeting-time preference (sender: Ananya).,Quick update: I might prefer evening meetings now.,False
MSG_0714,2026-09-19 15:41:00,Promotions,promotional,0.93,False,Matched sender is the promotions account + promo code 'SAVE..' + plan upsell wording (sender: Promotions).,One more thing: Upgrade your subscription and save 30%. Use code SAVE24.,False
MSG_0715,2026-09-19 16:18:00,Vikram,sensitive_information,0.95,False,Matched sensitive value present (sender: Vikram).,FYI: The temporary access token is ******.,False
MSG_0716,2026-09-19 16:55:00,Meera,action_required,0.86,False,Matched request verb 'Share' + task noun 'meeting notes' + due-date phrase 'due on' (sender: Meera).,Can you help? Share the meeting notes is due on 2026-09-07.,False
MSG_0717,2026-09-19 17:32:00,Kabir,action_required,0.75,True,Matched request verb 'call' + polite request 'please' (sender: Kabir). Low-confidence match.,FYI: Please call Maya when you are free.,False
MSG_0718,2026-09-19 18:09:00,Ananya,personal_information,0.9,False,Matched personal note + living-near statement (sender: Ananya).,Important: Personal note: i live near the central library.,False
MSG_0719,2026-09-19 18:46:00,Kabir,meeting_or_event,0.94,False,Matched reminder of an event + scheduled date phrase + named event 'mentor catch-up' + date+time+location structure (sender: Kabir).,Just checking-Reminder: mentor catch-up happens on 2026-09-06 at 13:00 in the city clinic.,False
MSG_0720,2026-09-19 19:23:00,Meera,action_required,0.86,False,Matched request verb 'Share' + task noun 'meeting notes' + due-date phrase 'due on' (sender: Meera).,Share the meeting notes is due on 2026-09-09.,False
MSG_0721,2026-09-19 20:00:00,Promotions,promotional,0.94,False,Matched sender is the promotions account + promo code 'SAVE..' + sale or offer wording + buy-one-get-one (sender: Promotions).,FYI: Limited-time offer: buy one course and get one free. Use code SAVE41.,False
MSG_0722,2026-09-19 20:37:00,Meera,action_required,0.86,False,Matched request verb 'Send' + task noun 'expense receipt' + due-date phrase 'due on' (sender: Meera).,Just checking-Send the expense receipt is due on 2026-09-02.,False
MSG_0723,2026-09-19 21:14:00,Kabir,sensitive_information,0.95,False,Matched sensitive value present (sender: Kabir).,"Hi, My account recovery code is ******.",False
MSG_0724,2026-09-19 21:51:00,Neha,general_information,0.8,False,Matched portal statement + supply statement (sender: Neha).,Quick update: The training material is on the portal.,False
MSG_0725,2026-09-19 22:28:00,Maya,action_required,0.89,False,Matched request verb 'send' + task noun 'revised presentation' + request 'can you' + date bound 'before 2026-09-09' (sender: Maya).,For today: Can you send the revised presentation before 2026-09-09?,False
MSG_0726,2026-09-19 23:05:00,Tara,sensitive_information,0.95,False,Matched sensitive value present (sender: Tara).,FYI: My identification number is ******.,False
MSG_0727,2026-09-19 23:42:00,Ishaan,sensitive_information,0.94,False,Matched sensitive value present (sender: Ishaan).,Just checking-Use password ****** to sign in to the test account.,False
MSG_0728,2026-09-20 00:19:00,Tara,general_information,0.52,True,No specific classification signal matched; the message reads as an informational statement.,Can you help? Maya asked whether the demo was ready.,False
MSG_0729,2026-09-20 00:56:00,Tara,personal_information,0.9,False,Matched profile statement + diet preference (sender: Tara).,"Please note: For my profile, i am vegetarian.",False
MSG_0730,2026-09-20 01:33:00,Aarav,action_required,0.88,False,Matched request verb 'submit' + task noun 'weekly report' + polite request 'please' + date bound 'by 2026-09-03' (sender: Aarav).,Just checking-Please submit the weekly report by 2026-09-03.,False
MSG_0731,2026-09-20 02:10:00,HR Team,general_information,0.76,False,Matched holiday notice (sender: HR Team).,Important: Tomorrow is a public holiday.,False
MSG_0732,2026-09-20 02:47:00,Rohan,general_information,0.71,False,Matched update statement (sender: Rohan).,Can you help? The report template has been updated.,False
MSG_0733,2026-09-20 03:24:00,Tara,personal_information,0.9,False,Matched profile statement + diet preference (sender: Tara).,"FYI: For my profile, i am vegetarian.",False
MSG_0734,2026-09-20 04:01:00,Meera,general_information,0.76,False,Matched maintenance notice (sender: Meera).,Please note: The office Wi-Fi will be under maintenance tonight.,False
MSG_0735,2026-09-20 04:38:00,Promotions,promotional,0.93,False,Matched sender is the promotions account + promo code 'SAVE..' + plan upsell wording (sender: Promotions).,For today: Upgrade your subscription and save 30%. Use code SAVE44.,False
MSG_0736,2026-09-20 05:15:00,Maya,action_required,0.86,False,Matched task noun 'project tracker' + request 'can you' + date bound 'before 2026-09-06' (sender: Maya).,Please note: Can you update the project tracker before 2026-09-06?,False
MSG_0737,2026-09-20 05:52:00,Promotions,promotional,0.93,False,Matched sender is the promotions account + promo code 'SAVE..' + sale or offer wording + festival wording (sender: Promotions).,FYI: Special festival discount on clothing. Use code SAVE47.,False
MSG_0738,2026-09-20 06:29:00,Neha,general_information,0.52,True,No specific classification signal matched; the message reads as an informational statement.,Just checking-I will send the login details separately.,False
MSG_0739,2026-09-20 07:06:00,Rohan,sensitive_information,0.95,False,Matched sensitive value present (sender: Rohan).,"Hi, My recent test result says ******.",False
MSG_0740,2026-09-20 07:43:00,Vikram,action_required,0.9,False,Matched request verb 'renew' + task noun 'library book' + request 'need you to' + date bound 'by 2026-09-10' (sender: Vikram).,I need you to renew the library book by 2026-09-10.,False
MSG_0741,2026-09-20 08:20:00,Ananya,general_information,0.71,False,Matched update statement (sender: Ananya).,Please note: The report template has been updated.,False
MSG_0742,2026-09-20 08:57:00,Ishaan,promotional,0.75,False,Matched plan upsell wording (sender: Ishaan).,One more thing: You may like our new student plan.,False
MSG_0743,2026-09-20 09:34:00,Tara,action_required,0.9,False,Matched request verb 'pay' + task noun 'electricity bill' + imperative 'don't forget' + explicit 'deadline' (sender: Tara).,One more thing: Don't forget to pay the electricity bill; deadline is 2026-09-02.,False
MSG_0744,2026-09-20 10:11:00,Meera,meeting_or_event,0.93,False,Matched calendar entry + named event 'team stand-up' + date+time+location structure (sender: Meera).,"For today: Calendar update: team stand-up, 2026-09-09 at 16:00, the library.",False
MSG_0745,2026-09-20 10:48:00,Maya,meeting_or_event,0.89,False,Matched invitation to join + named event 'AI workshop' + date+time+location structure (sender: Maya).,"Just checking-Please join the AI workshop on 2026-09-03, 10:00 at Google Meet.",False
MSG_0746,2026-09-20 11:25:00,Maya,personal_information,0.9,False,Matched personal note + favourite preference (sender: Maya).,Personal note: my favourite language is Python.,False
MSG_0747,2026-09-20 12:02:00,Ishaan,meeting_or_event,0.89,False,Matched invitation to join + named event 'AI workshop' + date+time+location structure (sender: Ishaan).,"Quick update: Please join the AI workshop on 2026-09-18, 13:00 at Conference Room 2.",False
MSG_0748,2026-09-20 12:39:00,Promotions,promotional,0.92,False,Matched sender is the promotions account + promo code 'SAVE..' + sale or offer wording (sender: Promotions).,Quick update: Flash sale on laptops starts at 6 PM. Use code SAVE33.,False
MSG_0749,2026-09-20 13:16:00,Ishaan,sensitive_information,0.94,False,Matched sensitive value present (sender: Ishaan).,Important: Use password ****** to sign in to the test account.,False
MSG_0750,2026-09-20 13:53:00,Vikram,personal_information,0.8,False,Matched appearance preference (sender: Vikram).,Important: Remember that i use dark mode.,False
MSG_0751,2026-09-20 14:30:00,Neha,sensitive_information,0.94,False,Matched sensitive value present (sender: Neha).,"Hi, Please note my bank account number ***************.",False
MSG_0752,2026-09-20 15:07:00,Neha,sensitive_information,0.94,False,Matched sensitive value present (sender: Neha).,Please note my bank account number ************.,False
MSG_0753,2026-09-20 15:44:00,Kabir,sensitive_information,0.95,False,Matched sensitive value present (sender: Kabir).,Can you help? My account recovery code is ******.,False
MSG_0754,2026-09-20 16:21:00,Tara,action_required,0.9,False,Matched request verb 'pay' + task noun 'electricity bill' + imperative 'don't forget' + explicit 'deadline' (sender: Tara).,Please note: Don't forget to pay the electricity bill; deadline is 2026-09-04.,False
MSG_0755,2026-09-20 16:58:00,Project Lead,general_information,0.76,False,Matched maintenance notice (sender: Project Lead).,Quick update: The office Wi-Fi will be under maintenance tonight.,False
MSG_0756,2026-09-20 17:35:00,Kabir,personal_information,0.8,False,Matched clothing size (sender: Kabir).,"FYI: Just so you know, my T-shirt size is medium.",False
MSG_0757,2026-09-20 18:12:00,Tara,action_required,0.89,False,Matched request verb 'call' + imperative 'don't forget' + explicit 'deadline' (sender: Tara).,"Hi, Don't forget to call the service centre; deadline is 2026-09-02.",False
MSG_0758,2026-09-20 18:49:00,Promotions,promotional,0.92,False,Matched sender is the promotions account + promo code 'SAVE..' + cashback (sender: Promotions).,Important: Book movie tickets today and receive cashback. Use code SAVE36.,False
MSG_0759,2026-09-20 19:26:00,Aarav,meeting_or_event,0.92,False,Matched explicit schedule + named event 'product demo' + date+time+location structure (sender: Aarav).,The product demo is scheduled for 2026-09-12 at 11:00 in Meeting Room A.,False
MSG_0760,2026-09-20 20:03:00,Promotions,promotional,0.94,False,Matched sender is the promotions account + promo code 'SAVE..' + sale or offer wording + buy-one-get-one (sender: Promotions).,For today: Limited-time offer: buy one course and get one free. Use code SAVE41.,False
MSG_0761,2026-09-20 20:40:00,Kabir,action_required,0.9,False,Matched request verb 'upload' + task noun 'assignment' + imperative 'don't forget' + explicit 'deadline' (sender: Kabir).,"Hi, Don't forget to upload the assignment; deadline is 2026-09-05.",False
MSG_0762,2026-09-20 21:17:00,Promotions,promotional,0.92,False,Matched sender is the promotions account + promo code 'SAVE..' + percentage discount (sender: Promotions).,FYI: Get 25% off selected headphones this weekend. Use code SAVE40.,False
MSG_0763,2026-09-20 21:54:00,Tara,sensitive_information,0.95,False,Matched sensitive value present (sender: Tara).,Please note: My identification number is ******.,False
MSG_0764,2026-09-20 22:31:00,Maya,general_information,0.76,False,Matched service-interval statement (sender: Maya).,Just checking-The shuttle leaves every thirty minutes.,False
MSG_0765,2026-09-20 23:08:00,Promotions,promotional,0.93,False,Matched sender is the promotions account + promo code 'SAVE..' + plan upsell wording (sender: Promotions).,Just checking-Upgrade your subscription and save 30%. Use code SAVE24.,False
MSG_0766,2026-09-20 23:45:00,Promotions,promotional,0.93,False,Matched sender is the promotions account + promo code 'SAVE..' + sale or offer wording + festival wording (sender: Promotions).,"Hi, Special festival discount on clothing. Use code SAVE17.",False
MSG_0767,2026-09-21 00:22:00,Promotions,promotional,0.93,False,Matched sender is the promotions account + promo code 'SAVE..' + sale or offer wording + festival wording (sender: Promotions).,Just checking-Special festival discount on clothing. Use code SAVE27.,False
MSG_0768,2026-09-21 00:59:00,Rohan,general_information,0.68,False,Matched possibility statement (sender: Rohan).,For today: The report may be needed tomorrow.,False
MSG_0769,2026-09-21 01:36:00,Vikram,personal_information,0.8,False,Matched appearance preference (sender: Vikram).,"Hi, Remember that i use dark mode.",False
MSG_0770,2026-09-21 02:13:00,Maya,meeting_or_event,0.75,True,Matched tentative meeting proposal (sender: Maya). Low-confidence match.,Please note: Let us meet sometime next week.,False
MSG_0771,2026-09-21 02:50:00,Neha,general_information,0.52,True,No specific classification signal matched; the message reads as an informational statement.,I will send the login details separately.,False
MSG_0772,2026-09-21 03:27:00,Rohan,sensitive_information,0.95,False,Matched sensitive value present (sender: Rohan).,For today: My recent test result says ******.,False
MSG_0773,2026-09-21 04:04:00,Ananya,personal_information,0.77,False,Matched meeting-time preference (sender: Ananya).,Important: I might prefer evening meetings now.,False
MSG_0774,2026-09-21 04:41:00,Tara,general_information,0.82,False,Matched availability statement + version statement (sender: Tara).,Just checking-The new Python version is available.,False
MSG_0775,2026-09-21 05:18:00,Aarav,action_required,0.76,True,Matched request verb 'send' + request 'could you' (sender: Aarav). Low-confidence match.,Just checking-Could you send it soon?,False
MSG_0776,2026-09-21 05:55:00,Meera,action_required,0.86,False,Matched request verb 'Send' + task noun 'expense receipt' + due-date phrase 'due on' (sender: Meera).,FYI: Send the expense receipt is due on 2026-09-06.,False
MSG_0777,2026-09-21 06:32:00,Ishaan,sensitive_information,0.94,False,Matched sensitive value present (sender: Ishaan).,One more thing: Use password ****** to sign in to the test account.,False
MSG_0778,2026-09-21 07:09:00,Vikram,sensitive_information,0.95,False,Matched sensitive value present (sender: Vikram).,One more thing: The temporary access token is ******.,False
MSG_0779,2026-09-21 07:46:00,Ananya,action_required,0.88,False,Matched request verb 'reply' + task noun 'client email' + polite request 'please' + date bound 'by 2026-09-06' (sender: Ananya).,"Hi, Please reply to the client email by 2026-09-06.",False
MSG_0780,2026-09-21 08:23:00,Maya,action_required,0.89,False,Matched request verb 'send' + task noun 'revised presentation' + request 'can you' + date bound 'before 2026-09-10' (sender: Maya).,Can you help? Can you send the revised presentation before 2026-09-10?,False
MSG_0781,2026-09-21 09:00:00,Ishaan,personal_information,0.72,False,Matched communication preference (sender: Ishaan).,"Important: Just so you know, i prefer receiving updates by email.",False
MSG_0782,2026-09-21 09:37:00,Project Lead,general_information,0.76,False,Matched service-interval statement (sender: Project Lead).,"Hi, The shuttle leaves every thirty minutes.",False
MSG_0783,2026-09-21 10:14:00,Neha,action_required,0.9,False,Matched request verb 'review' + task noun 'model results' + request 'need you to' + date bound 'by 2026-09-09' (sender: Neha).,Quick update: I need you to review the model results by 2026-09-09.,False
MSG_0784,2026-09-21 10:51:00,Ananya,action_required,0.88,False,Matched request verb 'reply' + task noun 'client email' + polite request 'please' + date bound 'by 2026-09-02' (sender: Ananya).,Quick update: Please reply to the client email by 2026-09-02.,False
MSG_0785,2026-09-21 11:28:00,Ishaan,promotional,0.75,False,Matched plan upsell wording (sender: Ishaan).,Please note: You may like our new student plan.,False
MSG_0786,2026-09-21 12:05:00,Ishaan,promotional,0.75,False,Matched plan upsell wording (sender: Ishaan).,FYI: You may like our new student plan.,False
MSG_0787,2026-09-21 12:42:00,Meera,action_required,0.86,False,Matched request verb 'Share' + task noun 'meeting notes' + due-date phrase 'due on' (sender: Meera).,Important: Share the meeting notes is due on 2026-09-03.,False
MSG_0788,2026-09-21 13:19:00,Ananya,meeting_or_event,0.92,False,Matched explicit schedule + named event 'client discussion' + date+time+location structure (sender: Ananya).,Quick update: The client discussion is scheduled for 2026-09-17 at 12:00 in Zoom.,False
MSG_0789,2026-09-21 13:56:00,Meera,meeting_or_event,0.93,False,Matched calendar entry + named event 'placement briefing' + date+time+location structure (sender: Meera).,"Hi, Calendar update: placement briefing, 2026-09-09 at 12:00, the library.",False
MSG_0790,2026-09-21 14:33:00,Maya,personal_information,0.9,False,Matched personal note + favourite preference (sender: Maya).,Quick update: Personal note: my favourite language is Python.,False
MSG_0791,2026-09-21 15:10:00,Ananya,sensitive_information,0.95,False,Matched sensitive value present (sender: Ananya).,Please note: Your OTP is *********. It expires in 10 minutes.,False
MSG_0792,2026-09-21 15:47:00,Aarav,meeting_or_event,0.9,False,Matched explicit schedule + named event 'project review' + date+time+location structure (sender: Aarav).,The project review is scheduled for 2026-09-02 at 9:00 in Meeting Room A.,False
MSG_0793,2026-09-21 16:24:00,Ishaan,meeting_or_event,0.89,False,Matched invitation to join + named event 'study-group session' + date+time+location structure (sender: Ishaan).,"Please note: Please join the study-group session on 2026-09-08, 11:00 at Conference Room 2.",False
MSG_0794,2026-09-21 17:01:00,Ishaan,general_information,0.82,False,Matched availability statement + version statement (sender: Ishaan).,Can you help? The new Python version is available.,False
MSG_0795,2026-09-21 17:38:00,Meera,action_required,0.86,False,Matched request verb 'Share' + task noun 'meeting notes' + due-date phrase 'due on' (sender: Meera).,For today: Share the meeting notes is due on 2026-09-06.,False
MSG_0796,2026-09-21 18:15:00,Ananya,personal_information,0.9,False,Matched personal note + living-near statement (sender: Ananya).,"Hi, Personal note: i live near the central library.",False
MSG_0797,2026-09-21 18:52:00,Rohan,meeting_or_event,0.93,False,Matched calendar entry + named event 'family dinner' + date+time+location structure (sender: Rohan).,"Important: Calendar update: family dinner, 2026-09-04 at 15:00, the college auditorium.",False
MSG_0798,2026-09-21 19:29:00,Vikram,meeting_or_event,0.91,False,Matched availability request for a slot + named event 'college seminar' + date+time+location structure (sender: Vikram).,One more thing: Are you available for the college seminar at 11:00 on 2026-09-20? Location: the training hall.,False
MSG_0799,2026-09-21 20:06:00,Kabir,action_required,0.9,False,Matched request verb 'email' + task noun 'signed document' + imperative 'don't forget' + explicit 'deadline' (sender: Kabir).,Quick update: Don't forget to email the signed document; deadline is 2026-09-02.,False
MSG_0800,2026-09-21 20:43:00,Neha,meeting_or_event,0.89,False,Matched availability request for a slot + named event 'design review' + date+time+location structure (sender: Neha).,Just checking-Are you available for the design review at 12:00 on 2026-09-05? Location: the main office.,False
MSG_0801,2026-09-21 21:20:00,Maya,meeting_or_event,0.75,True,Matched tentative meeting proposal (sender: Maya). Low-confidence match.,For today: Let us meet sometime next week.,False
MSG_0802,2026-09-21 21:57:00,Aarav,sensitive_information,0.95,False,Matched sensitive value present (sender: Aarav).,One more thing: My home address is ******.,False
MSG_0803,2026-09-21 22:34:00,Meera,sensitive_information,0.95,False,Matched sensitive value present (sender: Meera).,Please note: My card number is **********************.,False
MSG_0804,2026-09-21 23:11:00,Maya,sensitive_information,0.95,False,Matched sensitive value present (sender: Maya).,"Hi, You can contact me on **************.",False
MSG_0805,2026-09-21 23:48:00,Promotions,promotional,0.92,False,Matched sender is the promotions account + promo code 'SAVE..' + coupon expiry (sender: Promotions).,Important: Your food-delivery coupon expires tonight. Use code SAVE32.,False
MSG_0806,2026-09-22 00:25:00,Kabir,general_information,0.76,False,Matched maintenance notice (sender: Kabir).,Can you help? The office Wi-Fi will be under maintenance tonight.,False
MSG_0807,2026-09-22 01:02:00,Promotions,promotional,0.92,False,Matched sender is the promotions account + promo code 'SAVE..' + coupon expiry (sender: Promotions).,Your food-delivery coupon expires tonight. Use code SAVE12.,False
MSG_0808,2026-09-22 01:39:00,Promotions,promotional,0.92,False,Matched sender is the promotions account + promo code 'SAVE..' + reward points (sender: Promotions).,Quick update: Earn reward points on your next purchase. Use code SAVE35.,False
MSG_0809,2026-09-22 02:16:00,Tara,action_required,0.9,False,Matched request verb 'pay' + task noun 'electricity bill' + imperative 'don't forget' + explicit 'deadline' (sender: Tara).,FYI: Don't forget to pay the electricity bill; deadline is 2026-09-07.,False
MSG_0810,2026-09-22 02:53:00,Vikram,meeting_or_event,0.89,False,Matched availability request for a slot + named event 'design review' + date+time+location structure (sender: Vikram).,"Hi, Are you available for the design review at 13:00 on 2026-09-10? Location: the training hall.",False
MSG_0811,2026-09-22 03:30:00,Kabir,action_required,0.75,True,Matched request verb 'call' + polite request 'please' (sender: Kabir). Low-confidence match.,Just checking-Please call Maya when you are free.,False
MSG_0812,2026-09-22 04:07:00,Meera,sensitive_information,0.95,False,Matched sensitive value present (sender: Meera).,My card number is *******************.,False
MSG_0813,2026-09-22 04:44:00,Meera,sensitive_information,0.95,False,Matched sensitive value present (sender: Meera).,FYI: My card number is **********************.,False
MSG_0814,2026-09-22 05:21:00,Ananya,action_required,0.87,False,Matched request verb 'complete' + polite request 'please' + date bound 'by 2026-09-05' (sender: Ananya).,For today: Please complete the Python exercise by 2026-09-05.,False
MSG_0815,2026-09-22 05:58:00,Meera,action_required,0.86,False,Matched request verb 'Send' + task noun 'expense receipt' + due-date phrase 'due on' (sender: Meera).,Important: Send the expense receipt is due on 2026-09-04.,False
MSG_0816,2026-09-22 06:35:00,Vikram,action_required,0.71,True,Matched request verb 'review' + conditional 'if possible' (sender: Vikram). Low-confidence match.,"Quick update: If possible, review the file before the meeting.",False
MSG_0817,2026-09-22 07:12:00,Promotions,promotional,0.92,False,Matched sender is the promotions account + promo code 'SAVE..' + free delivery (sender: Promotions).,"Hi, Free delivery on orders above 499 rupees. Use code SAVE18.",False
MSG_0818,2026-09-22 07:49:00,Promotions,promotional,0.92,False,Matched sender is the promotions account + promo code 'SAVE..' + reward points (sender: Promotions).,"Hi, Earn reward points on your next purchase. Use code SAVE15.",False
MSG_0819,2026-09-22 08:26:00,Meera,action_required,0.86,False,Matched request verb 'Share' + task noun 'meeting notes' + due-date phrase 'due on' (sender: Meera).,Please note: Share the meeting notes is due on 2026-09-02.,False
MSG_0820,2026-09-22 09:03:00,Vikram,general_information,0.74,False,Matched hours-change statement 2 (sender: Vikram).,Please note: The support team changed its working hours.,False
MSG_0821,2026-09-22 09:40:00,Rohan,meeting_or_event,0.93,False,Matched calendar entry + named event 'placement briefing' + date+time+location structure (sender: Rohan).,"FYI: Calendar update: placement briefing, 2026-09-14 at 9:00, the college auditorium.",False
MSG_0822,2026-09-22 10:17:00,Rohan,meeting_or_event,0.93,False,Matched calendar entry + named event 'team stand-up' + date+time+location structure (sender: Rohan).,"Quick update: Calendar update: team stand-up, 2026-09-14 at 9:00, the college auditorium.",False
MSG_0823,2026-09-22 10:54:00,Meera,meeting_or_event,0.93,False,Matched calendar entry + named event 'placement briefing' + date+time+location structure (sender: Meera).,"Important: Calendar update: placement briefing, 2026-09-19 at 10:00, the library.",False
MSG_0824,2026-09-22 11:31:00,Aarav,action_required,0.88,False,Matched request verb 'submit' + task noun 'weekly report' + polite request 'please' + date bound 'by 2026-09-07' (sender: Aarav).,FYI: Please submit the weekly report by 2026-09-07.,False
MSG_0825,2026-09-22 12:08:00,Vikram,general_information,0.71,False,Matched update statement (sender: Vikram).,Quick update: The report template has been updated.,False
MSG_0826,2026-09-22 12:45:00,Ishaan,action_required,0.89,False,Matched request verb 'finish' + task noun 'test cases' + request 'can you' + date bound 'before 2026-09-08' (sender: Ishaan).,Can you finish the test cases before 2026-09-08?,False
MSG_0827,2026-09-22 13:22:00,Kabir,action_required,0.75,True,Matched request verb 'call' + polite request 'please' (sender: Kabir). Low-confidence match.,For today: Please call Maya when you are free.,False
MSG_0828,2026-09-22 13:59:00,Promotions,promotional,0.92,False,Matched sender is the promotions account + promo code 'SAVE..' + reward points (sender: Promotions).,For today: Earn reward points on your next purchase. Use code SAVE45.,False
MSG_0829,2026-09-22 14:36:00,Kabir,action_required,0.9,False,Matched request verb 'email' + task noun 'signed document' + imperative 'don't forget' + explicit 'deadline' (sender: Kabir).,Important: Don't forget to email the signed document; deadline is 2026-09-10.,False
MSG_0830,2026-09-22 15:13:00,Ishaan,general_information,0.74,False,Matched relocation notice (sender: Ishaan).,Please note: The building entrance has moved temporarily.,False
MSG_0831,2026-09-22 15:50:00,Vikram,meeting_or_event,0.91,False,Matched availability request for a slot + named event 'technical interview' + date+time+location structure (sender: Vikram).,For today: Are you available for the technical interview at 11:00 on 2026-09-20? Location: the training hall.,False
MSG_0832,2026-09-22 16:27:00,Promotions,promotional,0.93,False,Matched sender is the promotions account + promo code 'SAVE..' + plan upsell wording (sender: Promotions).,Please note: Join our premium plan for exclusive benefits. Use code SAVE29.,False
MSG_0833,2026-09-22 17:04:00,Meera,personal_information,0.9,False,Matched personal note + emergency-contact statement (sender: Meera).,Just checking-Personal note: my emergency contact is my brother.,False
MSG_0834,2026-09-22 17:41:00,Ananya,sensitive_information,0.95,False,Matched sensitive value present (sender: Ananya).,Your OTP is ******. It expires in 10 minutes.,False
MSG_0835,2026-09-22 18:18:00,Promotions,promotional,0.92,False,Matched sender is the promotions account + promo code 'SAVE..' + sale or offer wording (sender: Promotions).,FYI: Flash sale on laptops starts at 6 PM. Use code SAVE43.,False
MSG_0836,2026-09-22 18:55:00,Vikram,personal_information,0.8,False,Matched appearance preference (sender: Vikram).,Quick update: Remember that i use dark mode.,False
MSG_0837,2026-09-22 19:32:00,Neha,meeting_or_event,0.91,False,Matched availability request for a slot + named event 'technical interview' + date+time+location structure (sender: Neha).,Are you available for the technical interview at 14:00 on 2026-09-15? Location: the main office.,False
MSG_0838,2026-09-22 20:09:00,Maya,general_information,0.73,False,Matched status statement (sender: Maya).,Can you help? The laptop battery is fully charged.,False
MSG_0839,2026-09-22 20:46:00,Promotions,promotional,0.92,False,Matched sender is the promotions account + promo code 'SAVE..' + sale or offer wording (sender: Promotions).,"Hi, Flash sale on laptops starts at 6 PM. Use code SAVE13.",False
MSG_0840,2026-09-22 21:23:00,Meera,meeting_or_event,0.53,True,Matched tentative review slot (sender: Meera). Low-confidence match.,The review could be Friday afternoon.,False
MSG_0841,2026-09-22 22:00:00,Maya,meeting_or_event,0.89,False,Matched invitation to join + named event 'internship orientation' + date+time+location structure (sender: Maya).,"Quick update: Please join the internship orientation on 2026-09-13, 16:00 at Google Meet.",False
MSG_0842,2026-09-22 22:37:00,Promotions,promotional,0.92,False,Matched sender is the promotions account + promo code 'SAVE..' + coupon expiry (sender: Promotions).,Just checking-Your food-delivery coupon expires tonight. Use code SAVE22.,False
MSG_0843,2026-09-22 23:14:00,Kabir,general_information,0.76,False,Matched availability statement (sender: Kabir).,The webinar recording is now available.,False
MSG_0844,2026-09-22 23:51:00,Promotions,promotional,0.93,False,Matched sender is the promotions account + promo code 'SAVE..' + sale or offer wording + festival wording (sender: Promotions).,Quick update: Special festival discount on clothing. Use code SAVE37.,False
MSG_0845,2026-09-23 00:28:00,Meera,meeting_or_event,0.93,False,Matched calendar entry + named event 'family dinner' + date+time+location structure (sender: Meera).,"Just checking-Calendar update: family dinner, 2026-09-09 at 16:00, the library.",False
MSG_0846,2026-09-23 01:05:00,Maya,general_information,0.76,False,Matched hours-change statement (sender: Maya).,Quick update: The library has extended weekend hours.,False
MSG_0847,2026-09-23 01:42:00,Maya,meeting_or_event,0.89,False,Matched invitation to join + named event 'internship orientation' + date+time+location structure (sender: Maya).,"Can you help? Please join the internship orientation on 2026-09-03, 10:00 at Google Meet.",False
MSG_0848,2026-09-23 02:19:00,Neha,sensitive_information,0.94,False,Matched sensitive value present (sender: Neha).,Quick update: Please note my bank account number ***************.,False
MSG_0849,2026-09-23 02:56:00,Neha,meeting_or_event,0.89,False,Matched availability request for a slot + named event 'design review' + date+time+location structure (sender: Neha).,Please note: Are you available for the design review at 16:00 on 2026-09-05? Location: the main office.,False
MSG_0850,2026-09-23 03:33:00,Rohan,action_required,0.86,False,Matched request verb 'Prepare' + task noun 'demo video' + due-date phrase 'due on' (sender: Rohan).,Just checking-Prepare the demo video is due on 2026-09-06.,False
MSG_0851,2026-09-23 04:10:00,Rohan,action_required,0.86,False,Matched request verb 'Prepare' + task noun 'demo video' + due-date phrase 'due on' (sender: Rohan).,Please note: Prepare the demo video is due on 2026-09-07.,False
MSG_0852,2026-09-23 04:47:00,Aarav,general_information,0.8,False,Matched portal statement + supply statement (sender: Aarav).,Please note: The training material is on the portal.,False
MSG_0853,2026-09-23 05:24:00,Ananya,action_required,0.88,False,Matched request verb 'reply' + task noun 'client email' + polite request 'please' + date bound 'by 2026-09-10' (sender: Ananya).,Important: Please reply to the client email by 2026-09-10.,False
MSG_0854,2026-09-23 06:01:00,Ananya,sensitive_information,0.95,False,Matched sensitive value present (sender: Ananya).,"Hi, Your OTP is *********. It expires in 10 minutes.",False
MSG_0855,2026-09-23 06:38:00,Kabir,personal_information,0.8,False,Matched clothing size (sender: Kabir).,"One more thing: Just so you know, my T-shirt size is medium.",False
MSG_0856,2026-09-23 07:15:00,Promotions,promotional,0.93,False,Matched sender is the promotions account + promo code 'SAVE..' + sale or offer wording + festival wording (sender: Promotions).,Please note: Special festival discount on clothing. Use code SAVE27.,False
MSG_0857,2026-09-23 07:52:00,Meera,personal_information,0.9,False,Matched profile statement + emergency-contact statement (sender: Meera).,"Hi, For my profile, my emergency contact is my brother.",False
MSG_0858,2026-09-23 08:29:00,Rohan,personal_information,0.8,False,Matched food preference (sender: Rohan).,"Can you help? Just so you know, i drink coffee without sugar.",False
MSG_0859,2026-09-23 09:06:00,Aarav,action_required,0.76,True,Matched request verb 'send' + request 'could you' (sender: Aarav). Low-confidence match.,"Hi, Could you send it soon?",False
MSG_0860,2026-09-23 09:43:00,Vikram,meeting_or_event,0.91,False,Matched availability request for a slot + named event 'college seminar' + date+time+location structure (sender: Vikram).,Please note: Are you available for the college seminar at 11:00 on 2026-09-20? Location: the training hall.,False
MSG_0861,2026-09-23 10:20:00,Tara,meeting_or_event,0.94,False,Matched reminder of an event + scheduled date phrase + named event 'mentor catch-up' + date+time+location structure (sender: Tara).,Can you help? Reminder: mentor catch-up happens on 2026-09-11 at 10:00 in the cafeteria.,False
MSG_0862,2026-09-23 10:57:00,Kabir,action_required,0.9,False,Matched request verb 'email' + task noun 'signed document' + imperative 'don't forget' + explicit 'deadline' (sender: Kabir).,"Hi, Don't forget to email the signed document; deadline is 2026-09-06.",False
MSG_0863,2026-09-23 11:34:00,Ananya,general_information,0.74,False,Matched hours-change statement 2 (sender: Ananya).,"Hi, The support team changed its working hours.",False
MSG_0864,2026-09-23 12:11:00,Vikram,action_required,0.89,False,Matched request verb 'back up' + request 'need you to' + date bound 'by 2026-09-02' (sender: Vikram).,One more thing: I need you to back up the project files by 2026-09-02.,False
MSG_0865,2026-09-23 12:48:00,Vikram,action_required,0.89,False,Matched request verb 'back up' + request 'need you to' + date bound 'by 2026-09-08' (sender: Vikram).,For today: I need you to back up the project files by 2026-09-08.,False
MSG_0866,2026-09-23 13:25:00,Kabir,meeting_or_event,0.94,False,Matched reminder of an event + scheduled date phrase + named event 'mentor catch-up' + date+time+location structure (sender: Kabir).,One more thing: Reminder: mentor catch-up happens on 2026-09-06 at 9:00 in the city clinic.,False
MSG_0867,2026-09-23 14:02:00,Tara,personal_information,0.9,False,Matched personal note + diet preference (sender: Tara).,Important: Personal note: i am vegetarian.,False
MSG_0868,2026-09-23 14:39:00,Ananya,meeting_or_event,0.92,False,Matched explicit schedule + named event 'client discussion' + date+time+location structure (sender: Ananya).,Can you help? The client discussion is scheduled for 2026-09-07 at 14:00 in Zoom.,False
MSG_0869,2026-09-23 15:16:00,Ananya,personal_information,0.9,False,Matched profile statement + living-near statement (sender: Ananya).,"Please note: For my profile, i live near the central library.",False
MSG_0870,2026-09-23 15:53:00,Meera,action_required,0.86,False,Matched request verb 'Send' + task noun 'expense receipt' + due-date phrase 'due on' (sender: Meera).,For today: Send the expense receipt is due on 2026-09-07.,False
MSG_0871,2026-09-23 16:30:00,Meera,meeting_or_event,0.93,False,Matched calendar entry + named event 'team stand-up' + date+time+location structure (sender: Meera).,"Just checking-Calendar update: team stand-up, 2026-09-19 at 14:00, the library.",False
MSG_0872,2026-09-23 17:07:00,Kabir,general_information,0.76,False,Matched service-interval statement (sender: Kabir).,Important: The shuttle leaves every thirty minutes.,False
MSG_0873,2026-09-23 17:44:00,Ishaan,meeting_or_event,0.89,False,Matched invitation to join + named event 'study-group session' + date+time+location structure (sender: Ishaan).,"One more thing: Please join the study-group session on 2026-09-08, 11:00 at Conference Room 2.",False
MSG_0874,2026-09-23 18:21:00,Kabir,personal_information,0.8,False,Matched clothing size (sender: Kabir).,Important: Remember that my T-shirt size is medium.,False
MSG_0875,2026-09-23 18:58:00,Rohan,general_information,0.68,False,Matched possibility statement (sender: Rohan).,The report may be needed tomorrow.,False
MSG_0876,2026-09-23 19:35:00,Neha,personal_information,0.9,False,Matched profile statement + habit statement (sender: Neha).,"Important: For my profile, i usually study after dinner.",False
MSG_0877,2026-09-23 20:12:00,Vikram,meeting_or_event,0.91,False,Matched availability request for a slot + named event 'college seminar' + date+time+location structure (sender: Vikram).,Just checking-Are you available for the college seminar at 15:00 on 2026-09-20? Location: the training hall.,False
MSG_0878,2026-09-23 20:49:00,Aarav,meeting_or_event,0.92,False,Matched explicit schedule + named event 'client discussion' + date+time+location structure (sender: Aarav).,Please note: The client discussion is scheduled for 2026-09-02 at 13:00 in Meeting Room A.,False
MSG_0879,2026-09-23 21:26:00,Neha,general_information,0.52,True,No specific classification signal matched; the message reads as an informational statement.,For today: I will send the login details separately.,False
MSG_0880,2026-09-23 22:03:00,Ananya,sensitive_information,0.95,False,Matched sensitive value present (sender: Ananya).,Important: Your OTP is *********. It expires in 10 minutes.,False
MSG_0881,2026-09-23 22:40:00,Promotions,promotional,0.93,False,Matched sender is the promotions account + promo code 'SAVE..' + plan upsell wording (sender: Promotions).,Important: Join our premium plan for exclusive benefits. Use code SAVE39.,False
MSG_0882,2026-09-23 23:17:00,Vikram,meeting_or_event,0.91,False,Matched availability request for a slot + named event 'college seminar' + date+time+location structure (sender: Vikram).,FYI: Are you available for the college seminar at 13:00 on 2026-09-10? Location: the training hall.,False
MSG_0883,2026-09-23 23:54:00,Neha,action_required,0.9,False,Matched request verb 'review' + task noun 'model results' + request 'need you to' + date bound 'by 2026-09-02' (sender: Neha).,For today: I need you to review the model results by 2026-09-02.,False
MSG_0884,2026-09-24 00:31:00,Maya,action_required,0.86,False,Matched task noun 'project tracker' + request 'can you' + date bound 'before 2026-09-03' (sender: Maya).,"Hi, Can you update the project tracker before 2026-09-03?",False
MSG_0885,2026-09-24 01:08:00,Neha,general_information,0.8,False,Matched portal statement + supply statement (sender: Neha).,Important: The training material is on the portal.,False
MSG_0886,2026-09-24 01:45:00,Meera,meeting_or_event,0.53,True,Matched tentative review slot (sender: Meera). Low-confidence match.,For today: The review could be Friday afternoon.,False
MSG_0887,2026-09-24 02:22:00,Ishaan,personal_information,0.72,False,Matched communication preference (sender: Ishaan).,Just checking-Remember that i prefer receiving updates by email.,False
MSG_0888,2026-09-24 02:59:00,Rohan,general_information,0.68,False,Matched possibility statement (sender: Rohan).,Quick update: The report may be needed tomorrow.,False
MSG_0889,2026-09-24 03:36:00,Ishaan,promotional,0.75,False,Matched plan upsell wording (sender: Ishaan).,For today: You may like our new student plan.,False
MSG_0890,2026-09-24 04:13:00,Neha,sensitive_information,0.94,False,Matched sensitive value present (sender: Neha).,One more thing: Please note my bank account number ***************.,False
MSG_0891,2026-09-24 04:50:00,Maya,personal_information,0.9,False,Matched profile statement + favourite preference (sender: Maya).,"For today: For my profile, my favourite language is Python.",False
MSG_0892,2026-09-24 05:27:00,Kabir,personal_information,0.8,False,Matched clothing size (sender: Kabir).,Remember that my T-shirt size is medium.,False
MSG_0893,2026-09-24 06:04:00,Ishaan,action_required,0.89,False,Matched request verb 'review' + task noun 'privacy checklist' + request 'can you' + date bound 'before 2026-09-03' (sender: Ishaan).,Important: Can you review the privacy checklist before 2026-09-03?,False
MSG_0894,2026-09-24 06:41:00,Vikram,meeting_or_event,0.89,False,Matched availability request for a slot + named event 'design review' + date+time+location structure (sender: Vikram).,Important: Are you available for the design review at 11:00 on 2026-09-20? Location: the training hall.,False
MSG_0895,2026-09-24 07:18:00,Maya,meeting_or_event,0.89,False,Matched invitation to join + named event 'AI workshop' + date+time+location structure (sender: Maya).,"For today: Please join the AI workshop on 2026-09-13, 12:00 at Google Meet.",False
MSG_0896,2026-09-24 07:55:00,Kabir,general_information,0.76,False,Matched maintenance notice (sender: Kabir).,The office Wi-Fi will be under maintenance tonight.,False
MSG_0897,2026-09-24 08:32:00,Promotions,promotional,0.94,False,Matched sender is the promotions account + promo code 'SAVE..' + sale or offer wording + buy-one-get-one (sender: Promotions).,"Hi, Limited-time offer: buy one course and get one free. Use code SAVE11.",False
MSG_0898,2026-09-24 09:09:00,Ananya,action_required,0.87,False,Matched request verb 'complete' + polite request 'please' + date bound 'by 2026-09-06' (sender: Ananya).,Can you help? Please complete the Python exercise by 2026-09-06.,False
MSG_0899,2026-09-24 09:46:00,Tara,personal_information,0.9,False,Matched personal note + diet preference (sender: Tara).,Can you help? Personal note: i am vegetarian.,False
MSG_0900,2026-09-24 10:23:00,Neha,meeting_or_event,0.91,False,Matched availability request for a slot + named event 'college seminar' + date+time+location structure (sender: Neha).,Quick update: Are you available for the college seminar at 10:00 on 2026-09-15? Location: the main office.,False
